Workbook
Name OLE_LINK1: CoverPage!$B$7
Name OLE_LINK10: CoverPage!$B$8
Name OLE_LINK12: CoverPage!$B$9

Sheet CoverPage
A1: 3D BioOptima Quality That Matters
A2: 实验项目 | B2: HW356009-P1在小鼠、大鼠、犬、猴和人血浆中的蛋白结合率测定
A3: 实验项目编号 | B3: 3D_PN322788
A4: 课题编号 | B4: 3D_SN322400
A5: 课题负责人 | B5: 杨德孝
A6: 化合物 | B6: =Summary!A2 -> HW356009-P1
A7: 实验开始时间 | B7: 2025 年 02 月 26 日
A8: 实验结束时间 | B8: 2025 年 03 月 04 日
A9: 实验参与人员 | B9: 韩晓逸和蔡鑫鑫
A10: 报告撰写 | B10: 钱晨艳
A11: 数据质控 | B11: 程翠
A12: 实验负责方 | B12: 苏州圣苏新药开发有限公司 苏州市吴中区吴中大道1338号
A13: 实验委托方 | B13: 湖北生物医药产业技术研究院有限公司 武汉市东湖高新区高新大道666号C7栋217室

Sheet Summary
A1: 受试化合物
A2: HW356009-P1
A7: 化合物 | B7: 人 | F7: 食蟹猴 | J7: 比格犬 | N7: 大鼠 | R7: 小鼠
B8: fu% | C8: fb% | D8: 回收率 % | E8: 稳定性 % | F8: fu% | G8: fb% | H8: 回收率 % | I8: 稳定性 % | J8: fu% | K8: fb% | L8: 回收率 % | M8: 稳定性 % | N8: fu% | O8: fb% | P8: 回收率 % | Q8: 稳定性 % | R8: fu% | S8: fb% | T8: 回收率 % | U8: 稳定性 %
A9: 华法林 | B9: =Controls!N4 -> 0.45459068 | C9: =100-B9 -> 99.545409 | D9: =Controls!P4 -> 89.043089 | E9: - | F9: =Controls!N13 -> 0.49601139 | G9: =100-F9 -> 99.503989 | H9: =Controls!P13 -> 87.624867 | I9: - | J9: =Controls!N22 -> 2.9800496 | K9: =100-J9 -> 97.01995 | L9: =Controls!P22 -> 93.705135 | M9: - | N9: =Controls!N31 -> 0.35010646 | O9: =100-N9 -> 99.649894 | P9: =Controls!P31 -> 84.955924 | Q9: - | R9: =Controls!N40 -> 5.7381689 | S9: =100-R9 -> 94.261831 | T9: =Controls!P40 -> 92.118437 | U9: -
A10: 对乙酰氨基酚 | B10: =Controls!N52 -> 80.297872 | C10: =100-B10 -> 19.702128 | D10: =Controls!P52 -> 88.051471 | E10: - | F10: =Controls!N61 -> 87.5 | G10: =100-F10 -> 12.5 | H10: =Controls!P61 -> 93.360996 | I10: - | J10: =Controls!N70 -> 82.657633 | K10: =100-J10 -> 17.342367 | L10: =Controls!P70 -> 85.093168 | M10: - | N10: =Controls!N79 -> 64.376755 | O10: =100-N10 -> 35.623245 | P10: =Controls!P79 -> 92.46988 | Q10: - | R10: =Controls!N88 -> 79.099512 | S10: =100-R10 -> 20.900488 | T10: =Controls!P88 -> 94.536082 | U10: -
A11: =A2 -> HW356009-P1 | B11: ='HW356009-P1'!$M$4 -> 2.1903007 | C11: =100-B11 -> 97.809699 | D11: ='HW356009-P1'!$O$4 -> 95.227136 | E11: ='HW356009-P1'!$J$13 -> 102.48619 | F11: ='HW356009-P1'!$M$19 -> 2.2579317 | G11: =100-F11 -> 97.742068 | H11: ='HW356009-P1'!$O$19 -> 100.85467 | I11: ='HW356009-P1'!$J$28 -> 104.71294 | J11: ='HW356009-P1'!$M$34 -> 2.2571961 | K11: =100-J11 -> 97.742804 | L11: ='HW356009-P1'!$O$34 -> 98.919158 | M11: ='HW356009-P1'!$J$43 -> 99.398625 | N11: ='HW356009-P1'!$M$49 -> 3.3287478 | O11: =100-N11 -> 96.671252 | P11: ='HW356009-P1'!$O$49 -> 97.216681 | Q11: ='HW356009-P1'!$J$58 -> 100.17376 | R11: ='HW356009-P1'!$M$64 -> 2.7190626 | S11: =100-R11 -> 97.280937 | T11: ='HW356009-P1'!$O$64 -> 95.126338 | U11: ='HW356009-P1'!$J$73 -> 97.790994
A14: CR: | B14: 接收室孔测得的峰面积比值
A15: CD: | B15: 供应室孔测得的峰面积比值
A16: CI: | B16: 孵育前供应室孔测得的峰面积比值
A17: Cs: | B17: 稳定性样品峰面积比值
A18: fu | B18: 游离蛋白百分比

Sheet HW356009-P1
A1: 人
A2: =CONCATENATE(Summary!$A$2,"-Human Plasma 100%") -> HW356009-P1-Human Plasma 100%
A3: 样品名 | B3: 孵育浓度（µM） | C3: 稀释因子 | D3: 化合物峰面积 | E3: 内标峰面积 | F3: 峰面积比 | G3: 计算峰面积比 | H3: 平均值 | I3: 总和 | J3: 平均值 | K3: Fu (%) | L3: Fb (%) | M3: 平均值Fu (%) | N3: 回收率 (%) | O3: 平均值 (%)
A4: HW356009-P1_HM-PL_1uM-B1 | B4: ='Experimental detail'!$C$6 -> 1 | C4: =VLOOKUP($A4,'Raw data'!$A$1:$T$1052,4,0) -> 1.11 | D4: =VLOOKUP($A4,'Raw data'!$A$1:$T$1052,5,0) -> 129000 | E4: =VLOOKUP($A4,'Raw data'!$A$1:$T$1052,6,0) -> 1270000 | F4: =VLOOKUP($A4,'Raw data'!$A$1:$T$1052,7,0) -> 0.102 | G4: =C4*F4 -> 0.11322 | H4: =AVERAGE(G4:G5) -> 0.1108335 | I4: =G4+G6 -> 5.18322 | J4: =AVERAGE(I4:I5) -> 5.1708335 | K4: =G4/G6*100 -> 2.2331361 | L4: =100-K4 -> 97.766864 | M4: =AVERAGE(K4:K5) -> 2.1903007 | N4: =I4/H8*100 -> 95.455249 | O4: =AVERAGE(N4:N5) -> 95.227136
A5: HW356009-P1_HM-PL_1uM-B2 | C5: =VLOOKUP($A5,'Raw data'!$A$1:$T$1052,4,0) -> 1.11 | D5: =VLOOKUP($A5,'Raw data'!$A$1:$T$1052,5,0) -> 134000 | E5: =VLOOKUP($A5,'Raw data'!$A$1:$T$1052,6,0) -> 1370000 | F5: =VLOOKUP($A5,'Raw data'!$A$1:$T$1052,7,0) -> 0.0977 | G5: =C5*F5 -> 0.108447 | I5: =G5+G7 -> 5.158447 | K5: =G5/G7*100 -> 2.1474653 | L5: =100-K5 -> 97.852535 | N5: =I5/H8*100 -> 94.999024
A6: HW356009-P1_HM-PL_1uM-A1 | B6: ='Experimental detail'!$C$6 -> 1 | C6: =VLOOKUP($A6,'Raw data'!$A$1:$T$1052,4,0) -> 10 | D6: =VLOOKUP($A6,'Raw data'!$A$1:$T$1052,5,0) -> 671000 | E6: =VLOOKUP($A6,'Raw data'!$A$1:$T$1052,6,0) -> 1320000 | F6: =VLOOKUP($A6,'Raw data'!$A$1:$T$1052,7,0) -> 0.507 | G6: =C6*F6 -> 5.07 | H6: =AVERAGE(G6:G7) -> 5.06
A7: HW356009-P1_HM-PL_1uM-A2 | C7: =VLOOKUP($A7,'Raw data'!$A$1:$T$1052,4,0) -> 10 | D7: =VLOOKUP($A7,'Raw data'!$A$1:$T$1052,5,0) -> 651000 | E7: =VLOOKUP($A7,'Raw data'!$A$1:$T$1052,6,0) -> 1290000 | F7: =VLOOKUP($A7,'Raw data'!$A$1:$T$1052,7,0) -> 0.505 | G7: =C7*F7 -> 5.05
A8: HW356009-P1_HM-PL_1uM-R1 | B8: ='Experimental detail'!$C$6 -> 1 | C8: =VLOOKUP($A8,'Raw data'!$A$1:$T$1052,4,0) -> 10 | D8: =VLOOKUP($A8,'Raw data'!$A$1:$T$1052,5,0) -> 667000 | E8: =VLOOKUP($A8,'Raw data'!$A$1:$T$1052,6,0) -> 1250000 | F8: =VLOOKUP($A8,'Raw data'!$A$1:$T$1052,7,0) -> 0.532 | G8: =C8*F8 -> 5.32 | H8: =AVERAGE(G8:G9) -> 5.43
A9: HW356009-P1_HM-PL_1uM-R2 | C9: =VLOOKUP($A9,'Raw data'!$A$1:$T$1052,4,0) -> 10 | D9: =VLOOKUP($A9,'Raw data'!$A$1:$T$1052,5,0) -> 719000 | E9: =VLOOKUP($A9,'Raw data'!$A$1:$T$1052,6,0) -> 1300000 | F9: =VLOOKUP($A9,'Raw data'!$A$1:$T$1052,7,0) -> 0.554 | G9: =C9*F9 -> 5.54
A11: =CONCATENATE("Stability of ",Summary!$A$2," in Human Plasma Incubated at 37 °C") -> Stability of HW356009-P1 in Human Plasma Incubated at 37 °C
A12: 样品名 | B12: 孵育浓度（µM） | C12: 对照样品的峰面积比平均值 | D12: 稀释因子 | E12: 化合物峰面积 | F12: 内标峰面积 | G12: 峰面积比 | H12: 计算峰面积比 | I12: 稳定性(%) | J12: 平均值(%)
A13: HW356009-P1_HM-PL_1uM-S1 | B13: ='Experimental detail'!$C$6 -> 1 | C13: =H8 -> 5.43 | D13: =VLOOKUP($A13,'Raw data'!$A$1:$T$1052,4,0) -> 10 | E13: =VLOOKUP($A13,'Raw data'!$A$1:$T$1052,5,0) -> 707000 | F13: =VLOOKUP($A13,'Raw data'!$A$1:$T$1052,6,0) -> 1330000 | G13: =VLOOKUP($A13,'Raw data'!$A$1:$T$1052,7,0) -> 0.533 | H13: =D13*G13 -> 5.33 | I13: =H13/C13*100 -> 98.158379 | J13: =AVERAGE(I13:I14) -> 102.48619
A14: HW356009-P1_HM-PL_1uM-S2 | D14: =VLOOKUP($A14,'Raw data'!$A$1:$T$1052,4,0) -> 10 | E14: =VLOOKUP($A14,'Raw data'!$A$1:$T$1052,5,0) -> 706000 | F14: =VLOOKUP($A14,'Raw data'!$A$1:$T$1052,6,0) -> 1220000 | G14: =VLOOKUP($A14,'Raw data'!$A$1:$T$1052,7,0) -> 0.58 | H14: =D14*G14 -> 5.8 | I14: =H14/C13*100 -> 106.814
A16: 食蟹猴
A17: =CONCATENATE(Summary!$A$2,"-Monkey Plasma 100%") -> HW356009-P1-Monkey Plasma 100%
A18: 样品名 | B18: 孵育浓度（µM） | C18: 稀释因子 | D18: 化合物峰面积 | E18: 内标峰面积 | F18: 峰面积比 | G18: 计算峰面积比 | H18: 平均值 | I18: 总和 | J18: 平均值 | K18: Fu (%) | L18: Fb (%) | M18: 平均值Fu (%) | N18: 回收率 (%) | O18: 平均值 (%)
A19: HW356009-P1_MK-PL_1uM-B1 | B19: ='Experimental detail'!$C$6 -> 1 | C19: =VLOOKUP($A19,'Raw data'!$A$1:$T$1052,4,0) -> 1.11 | D19: =VLOOKUP($A19,'Raw data'!$A$1:$T$1052,5,0) -> 145000 | E19: =VLOOKUP($A19,'Raw data'!$A$1:$T$1052,6,0) -> 1260000 | F19: =VLOOKUP($A19,'Raw data'!$A$1:$T$1052,7,0) -> 0.115 | G19: =C19*F19 -> 0.12765 | H19: =AVERAGE(G19:G20) -> 0.12987 | I19: =G19+G21 -> 5.68765 | J19: =AVERAGE(I19:I20) -> 5.88487 | K19: =G19/G21*100 -> 2.2958633 | L19: =100-K19 -> 97.704137 | M19: =AVERAGE(K19:K20) -> 2.2579317 | N19: =I19/H23*100 -> 97.474722 | O19: =AVERAGE(N19:N20) -> 100.85467
A20: HW356009-P1_MK-PL_1uM-B2 | C20: =VLOOKUP($A20,'Raw data'!$A$1:$T$1052,4,0) -> 1.11 | D20: =VLOOKUP($A20,'Raw data'!$A$1:$T$1052,5,0) -> 154000 | E20: =VLOOKUP($A20,'Raw data'!$A$1:$T$1052,6,0) -> 1290000 | F20: =VLOOKUP($A20,'Raw data'!$A$1:$T$1052,7,0) -> 0.119 | G20: =C20*F20 -> 0.13209 | I20: =G20+G22 -> 6.08209 | K20: =G20/G22*100 -> 2.22 | L20: =100-K20 -> 97.78 | N20: =I20/H23*100 -> 104.23462
A21: HW356009-P1_MK-PL_1uM-A1 | B21: ='Experimental detail'!$C$6 -> 1 | C21: =VLOOKUP($A21,'Raw data'!$A$1:$T$1052,4,0) -> 10 | D21: =VLOOKUP($A21,'Raw data'!$A$1:$T$1052,5,0) -> 704000 | E21: =VLOOKUP($A21,'Raw data'!$A$1:$T$1052,6,0) -> 1270000 | F21: =VLOOKUP($A21,'Raw data'!$A$1:$T$1052,7,0) -> 0.556 | G21: =C21*F21 -> 5.56 | H21: =AVERAGE(G21:G22) -> 5.755
A22: HW356009-P1_MK-PL_1uM-A2 | C22: =VLOOKUP($A22,'Raw data'!$A$1:$T$1052,4,0) -> 10 | D22: =VLOOKUP($A22,'Raw data'!$A$1:$T$1052,5,0) -> 816000 | E22: =VLOOKUP($A22,'Raw data'!$A$1:$T$1052,6,0) -> 1370000 | F22: =VLOOKUP($A22,'Raw data'!$A$1:$T$1052,7,0) -> 0.595 | G22: =C22*F22 -> 5.95
A23: HW356009-P1_MK-PL_1uM-R1 | B23: ='Experimental detail'!$C$6 -> 1 | C23: =VLOOKUP($A23,'Raw data'!$A$1:$T$1052,4,0) -> 10 | D23: =VLOOKUP($A23,'Raw data'!$A$1:$T$1052,5,0) -> 755000 | E23: =VLOOKUP($A23,'Raw data'!$A$1:$T$1052,6,0) -> 1320000 | F23: =VLOOKUP($A23,'Raw data'!$A$1:$T$1052,7,0) -> 0.571 | G23: =C23*F23 -> 5.71 | H23: =AVERAGE(G23:G24) -> 5.835
A24: HW356009-P1_MK-PL_1uM-R2 | C24: =VLOOKUP($A24,'Raw data'!$A$1:$T$1052,4,0) -> 10 | D24: =VLOOKUP($A24,'Raw data'!$A$1:$T$1052,5,0) -> 762000 | E24: =VLOOKUP($A24,'Raw data'!$A$1:$T$1052,6,0) -> 1280000 | F24: =VLOOKUP($A24,'Raw data'!$A$1:$T$1052,7,0) -> 0.596 | G24: =C24*F24 -> 5.96
A26: =CONCATENATE("Stability of ",Summary!$A$2," in Monkey Plasma Incubated at 37 °C") -> Stability of HW356009-P1 in Monkey Plasma Incubated at 37 °C
A27: 样品名 | B27: 孵育浓度（µM） | C27: 对照样品的峰面积比平均值 | D27: 稀释因子 | E27: 化合物峰面积 | F27: 内标峰面积 | G27: 峰面积比 | H27: 计算峰面积比 | I27: 稳定性(%) | J27: 平均值(%)
A28: HW356009-P1_MK-PL_1uM-S1 | B28: ='Experimental detail'!$C$6 -> 1 | C28: =H23 -> 5.835 | D28: =VLOOKUP($A28,'Raw data'!$A$1:$T$1052,4,0) -> 10 | E28: =VLOOKUP($A28,'Raw data'!$A$1:$T$1052,5,0) -> 791000 | F28: =VLOOKUP($A28,'Raw data'!$A$1:$T$1052,6,0) -> 1300000 | G28: =VLOOKUP($A28,'Raw data'!$A$1:$T$1052,7,0) -> 0.608 | H28: =D28*G28 -> 6.08 | I28: =H28/C28*100 -> 104.1988 | J28: =AVERAGE(I28:I29) -> 104.71294
A29: HW356009-P1_MK-PL_1uM-S2 | D29: =VLOOKUP($A29,'Raw data'!$A$1:$T$1052,4,0) -> 10 | E29: =VLOOKUP($A29,'Raw data'!$A$1:$T$1052,5,0) -> 770000 | F29: =VLOOKUP($A29,'Raw data'!$A$1:$T$1052,6,0) -> 1250000 | G29: =VLOOKUP($A29,'Raw data'!$A$1:$T$1052,7,0) -> 0.614 | H29: =D29*G29 -> 6.14 | I29: =H29/C28*100 -> 105.22708
A31: 比格犬
A32: =CONCATENATE(Summary!$A$2,"-Dog Plasma 100%") -> HW356009-P1-Dog Plasma 100%
A33: 样品名 | B33: 孵育浓度（µM） | C33: 稀释因子 | D33: 化合物峰面积 | E33: 内标峰面积 | F33: 峰面积比 | G33: 计算峰面积比 | H33: 平均值 | I33: 总和 | J33: 平均值 | K33: Fu (%) | L33: Fb (%) | M33: 平均值Fu (%) | N33: 回收率 (%) | O33: 平均值 (%)
A34: HW356009-P1_BD-PL_1uM-B1 | B34: ='Experimental detail'!$C$6 -> 1 | C34: =VLOOKUP($A34,'Raw data'!$A$1:$T$1052,4,0) -> 1.11 | D34: =VLOOKUP($A34,'Raw data'!$A$1:$T$1052,5,0) -> 144000 | E34: =VLOOKUP($A34,'Raw data'!$A$1:$T$1052,6,0) -> 1280000 | F34: =VLOOKUP($A34,'Raw data'!$A$1:$T$1052,7,0) -> 0.112 | G34: =C34*F34 -> 0.12432 | H34: =AVERAGE(G34:G35) -> 0.127095 | I34: =G34+G36 -> 5.68432 | J34: =AVERAGE(I34:I35) -> 5.757095 | K34: =G34/G36*100 -> 2.2359712 | L34: =100-K34 -> 97.764029 | M34: =AVERAGE(K34:K35) -> 2.2571961 | N34: =I34/H38*100 -> 97.668729 | O34: =AVERAGE(N34:N35) -> 98.919158
A35: HW356009-P1_BD-PL_1uM-B2 | C35: =VLOOKUP($A35,'Raw data'!$A$1:$T$1052,4,0) -> 1.11 | D35: =VLOOKUP($A35,'Raw data'!$A$1:$T$1052,5,0) -> 158000 | E35: =VLOOKUP($A35,'Raw data'!$A$1:$T$1052,6,0) -> 1340000 | F35: =VLOOKUP($A35,'Raw data'!$A$1:$T$1052,7,0) -> 0.117 | G35: =C35*F35 -> 0.12987 | I35: =G35+G37 -> 5.82987 | K35: =G35/G37*100 -> 2.2784211 | L35: =100-K35 -> 97.721579 | N35: =I35/H38*100 -> 100.16959
A36: HW356009-P1_BD-PL_1uM-A1 | B36: ='Experimental detail'!$C$6 -> 1 | C36: =VLOOKUP($A36,'Raw data'!$A$1:$T$1052,4,0) -> 10 | D36: =VLOOKUP($A36,'Raw data'!$A$1:$T$1052,5,0) -> 754000 | E36: =VLOOKUP($A36,'Raw data'!$A$1:$T$1052,6,0) -> 1360000 | F36: =VLOOKUP($A36,'Raw data'!$A$1:$T$1052,7,0) -> 0.556 | G36: =C36*F36 -> 5.56 | H36: =AVERAGE(G36:G37) -> 5.63
A37: HW356009-P1_BD-PL_1uM-A2 | C37: =VLOOKUP($A37,'Raw data'!$A$1:$T$1052,4,0) -> 10 | D37: =VLOOKUP($A37,'Raw data'!$A$1:$T$1052,5,0) -> 779000 | E37: =VLOOKUP($A37,'Raw data'!$A$1:$T$1052,6,0) -> 1370000 | F37: =VLOOKUP($A37,'Raw data'!$A$1:$T$1052,7,0) -> 0.57 | G37: =C37*F37 -> 5.7
A38: HW356009-P1_BD-PL_1uM-R1 | B38: ='Experimental detail'!$C$6 -> 1 | C38: =VLOOKUP($A38,'Raw data'!$A$1:$T$1052,4,0) -> 10 | D38: =VLOOKUP($A38,'Raw data'!$A$1:$T$1052,5,0) -> 777000 | E38: =VLOOKUP($A38,'Raw data'!$A$1:$T$1052,6,0) -> 1320000 | F38: =VLOOKUP($A38,'Raw data'!$A$1:$T$1052,7,0) -> 0.587 | G38: =C38*F38 -> 5.87 | H38: =AVERAGE(G38:G39) -> 5.82
A39: HW356009-P1_BD-PL_1uM-R2 | C39: =VLOOKUP($A39,'Raw data'!$A$1:$T$1052,4,0) -> 10 | D39: =VLOOKUP($A39,'Raw data'!$A$1:$T$1052,5,0) -> 765000 | E39: =VLOOKUP($A39,'Raw data'!$A$1:$T$1052,6,0) -> 1320000 | F39: =VLOOKUP($A39,'Raw data'!$A$1:$T$1052,7,0) -> 0.577 | G39: =C39*F39 -> 5.77
A41: =CONCATENATE("Stability of ",Summary!$A$2," in Dog Plasma Incubated at 37 °C") -> Stability of HW356009-P1 in Dog Plasma Incubated at 37 °C
A42: 样品名 | B42: 孵育浓度（µM） | C42: 对照样品的峰面积比平均值 | D42: 稀释因子 | E42: 化合物峰面积 | F42: 内标峰面积 | G42: 峰面积比 | H42: 计算峰面积比 | I42: 稳定性(%) | J42: 平均值(%)
A43: HW356009-P1_BD-PL_1uM-S1 | B43: ='Experimental detail'!$C$6 -> 1 | C43: =H38 -> 5.82 | D43: =VLOOKUP($A43,'Raw data'!$A$1:$T$1052,4,0) -> 10 | E43: =VLOOKUP($A43,'Raw data'!$A$1:$T$1052,5,0) -> 797000 | F43: =VLOOKUP($A43,'Raw data'!$A$1:$T$1052,6,0) -> 1370000 | G43: =VLOOKUP($A43,'Raw data'!$A$1:$T$1052,7,0) -> 0.58 | H43: =D43*G43 -> 5.8 | I43: =H43/C43*100 -> 99.656357 | J43: =AVERAGE(I43:I44) -> 99.398625
A44: HW356009-P1_BD-PL_1uM-S2 | D44: =VLOOKUP($A44,'Raw data'!$A$1:$T$1052,4,0) -> 10 | E44: =VLOOKUP($A44,'Raw data'!$A$1:$T$1052,5,0) -> 779000 | F44: =VLOOKUP($A44,'Raw data'!$A$1:$T$1052,6,0) -> 1350000 | G44: =VLOOKUP($A44,'Raw data'!$A$1:$T$1052,7,0) -> 0.577 | H44: =D44*G44 -> 5.77 | I44: =H44/C43*100 -> 99.140893
A46: 大鼠
A47: =CONCATENATE(Summary!$A$2,"-Rat Plasma 100%") -> HW356009-P1-Rat Plasma 100%
A48: 样品名 | B48: 孵育浓度（µM） | C48: 稀释因子 | D48: 化合物峰面积 | E48: 内标峰面积 | F48: 峰面积比 | G48: 计算峰面积比 | H48: 平均值 | I48: 总和 | J48: 平均值 | K48: Fu (%) | L48: Fb (%) | M48: 平均值Fu (%) | N48: 回收率 (%) | O48: 平均值 (%)
A49: HW356009-P1_SR-PL_1uM-B1 | B49: ='Experimental detail'!$C$6 -> 1 | C49: =VLOOKUP($A49,'Raw data'!$A$1:$T$1052,4,0) -> 1.11 | D49: =VLOOKUP($A49,'Raw data'!$A$1:$T$1052,5,0) -> 216000 | E49: =VLOOKUP($A49,'Raw data'!$A$1:$T$1052,6,0) -> 1330000 | F49: =VLOOKUP($A49,'Raw data'!$A$1:$T$1052,7,0) -> 0.162 | G49: =C49*F49 -> 0.17982 | H49: =AVERAGE(G49:G50) -> 0.17982 | I49: =G49+G51 -> 5.32982 | J49: =AVERAGE(I49:I50) -> 5.59482 | K49: =G49/G51*100 -> 3.4916505 | L49: =100-K49 -> 96.50835 | M49: =AVERAGE(K49:K50) -> 3.3287478 | N49: =I49/H53*100 -> 92.61199 | O49: =AVERAGE(N49:N50) -> 97.216681
A50: HW356009-P1_SR-PL_1uM-B2 | C50: =VLOOKUP($A50,'Raw data'!$A$1:$T$1052,4,0) -> 1.11 | D50: =VLOOKUP($A50,'Raw data'!$A$1:$T$1052,5,0) -> 213000 | E50: =VLOOKUP($A50,'Raw data'!$A$1:$T$1052,6,0) -> 1320000 | F50: =VLOOKUP($A50,'Raw data'!$A$1:$T$1052,7,0) -> 0.162 | G50: =C50*F50 -> 0.17982 | I50: =G50+G52 -> 5.85982 | K50: =G50/G52*100 -> 3.1658451 | L50: =100-K50 -> 96.834155 | N50: =I50/H53*100 -> 101.82137
A51: HW356009-P1_SR-PL_1uM-A1 | B51: ='Experimental detail'!$C$6 -> 1 | C51: =VLOOKUP($A51,'Raw data'!$A$1:$T$1052,4,0) -> 10 | D51: =VLOOKUP($A51,'Raw data'!$A$1:$T$1052,5,0) -> 691000 | E51: =VLOOKUP($A51,'Raw data'!$A$1:$T$1052,6,0) -> 1340000 | F51: =VLOOKUP($A51,'Raw data'!$A$1:$T$1052,7,0) -> 0.515 | G51: =C51*F51 -> 5.15 | H51: =AVERAGE(G51:G52) -> 5.415
A52: HW356009-P1_SR-PL_1uM-A2 | C52: =VLOOKUP($A52,'Raw data'!$A$1:$T$1052,4,0) -> 10 | D52: =VLOOKUP($A52,'Raw data'!$A$1:$T$1052,5,0) -> 721000 | E52: =VLOOKUP($A52,'Raw data'!$A$1:$T$1052,6,0) -> 1270000 | F52: =VLOOKUP($A52,'Raw data'!$A$1:$T$1052,7,0) -> 0.568 | G52: =C52*F52 -> 5.68
A53: HW356009-P1_SR-PL_1uM-R1 | B53: ='Experimental detail'!$C$6 -> 1 | C53: =VLOOKUP($A53,'Raw data'!$A$1:$T$1052,4,0) -> 10 | D53: =VLOOKUP($A53,'Raw data'!$A$1:$T$1052,5,0) -> 695000 | E53: =VLOOKUP($A53,'Raw data'!$A$1:$T$1052,6,0) -> 1200000 | F53: =VLOOKUP($A53,'Raw data'!$A$1:$T$1052,7,0) -> 0.577 | G53: =C53*F53 -> 5.77 | H53: =AVERAGE(G53:G54) -> 5.755
A54: HW356009-P1_SR-PL_1uM-R2 | C54: =VLOOKUP($A54,'Raw data'!$A$1:$T$1052,4,0) -> 10 | D54: =VLOOKUP($A54,'Raw data'!$A$1:$T$1052,5,0) -> 730000 | E54: =VLOOKUP($A54,'Raw data'!$A$1:$T$1052,6,0) -> 1270000 | F54: =VLOOKUP($A54,'Raw data'!$A$1:$T$1052,7,0) -> 0.574 | G54: =C54*F54 -> 5.74
A56: =CONCATENATE("Stability of ",Summary!$A$2," in Rat Plasma Incubated at 37 °C") -> Stability of HW356009-P1 in Rat Plasma Incubated at 37 °C
A57: 样品名 | B57: 孵育浓度（µM） | C57: 对照样品的峰面积比平均值 | D57: 稀释因子 | E57: 化合物峰面积 | F57: 内标峰面积 | G57: 峰面积比 | H57: 计算峰面积比 | I57: 稳定性(%) | J57: 平均值(%)
A58: HW356009-P1_SR-PL_1uM-S1 | B58: ='Experimental detail'!$C$6 -> 1 | C58: =H53 -> 5.755 | D58: =VLOOKUP($A58,'Raw data'!$A$1:$T$1052,4,0) -> 10 | E58: =VLOOKUP($A58,'Raw data'!$A$1:$T$1052,5,0) -> 784000 | F58: =VLOOKUP($A58,'Raw data'!$A$1:$T$1052,6,0) -> 1310000 | G58: =VLOOKUP($A58,'Raw data'!$A$1:$T$1052,7,0) -> 0.597 | H58: =D58*G58 -> 5.97 | I58: =H58/C58*100 -> 103.73588 | J58: =AVERAGE(I58:I59) -> 100.17376
A59: HW356009-P1_SR-PL_1uM-S2 | D59: =VLOOKUP($A59,'Raw data'!$A$1:$T$1052,4,0) -> 10 | E59: =VLOOKUP($A59,'Raw data'!$A$1:$T$1052,5,0) -> 758000 | F59: =VLOOKUP($A59,'Raw data'!$A$1:$T$1052,6,0) -> 1360000 | G59: =VLOOKUP($A59,'Raw data'!$A$1:$T$1052,7,0) -> 0.556 | H59: =D59*G59 -> 5.56 | I59: =H59/C58*100 -> 96.611642
A61: 小鼠
A62: =CONCATENATE(Summary!$A$2,"-Mouse Plasma 100%") -> HW356009-P1-Mouse Plasma 100%
A63: 样品名 | B63: 孵育浓度（µM） | C63: 稀释因子 | D63: 化合物峰面积 | E63: 内标峰面积 | F63: 峰面积比 | G63: 计算峰面积比 | H63: 平均值 | I63: 总和 | J63: 平均值 | K63: Fu (%) | L63: Fb (%) | M63: 平均值Fu (%) | N63: 回收率 (%) | O63: 平均值 (%)
A64: HW356009-P1_MU-PL_1uM-B1 | B64: ='Experimental detail'!$C$6 -> 1 | C64: =VLOOKUP($A64,'Raw data'!$A$1:$T$1052,4,0) -> 1.11 | D64: =VLOOKUP($A64,'Raw data'!$A$1:$T$1052,5,0) -> 174000 | E64: =VLOOKUP($A64,'Raw data'!$A$1:$T$1052,6,0) -> 1310000 | F64: =VLOOKUP($A64,'Raw data'!$A$1:$T$1052,7,0) -> 0.133 | G64: =C64*F64 -> 0.14763 | H64: =AVERAGE(G64:G65) -> 0.148185 | I64: =G64+G66 -> 5.55763 | J64: =AVERAGE(I64:I65) -> 5.598185 | K64: =G64/G66*100 -> 2.7288355 | L64: =100-K64 -> 97.271165 | M64: =AVERAGE(K64:K65) -> 2.7190626 | N64: =I64/H68*100 -> 94.437213 | O64: =AVERAGE(N64:N65) -> 95.126338
A65: HW356009-P1_MU-PL_1uM-B2 | C65: =VLOOKUP($A65,'Raw data'!$A$1:$T$1052,4,0) -> 1.11 | D65: =VLOOKUP($A65,'Raw data'!$A$1:$T$1052,5,0) -> 172000 | E65: =VLOOKUP($A65,'Raw data'!$A$1:$T$1052,6,0) -> 1280000 | F65: =VLOOKUP($A65,'Raw data'!$A$1:$T$1052,7,0) -> 0.134 | G65: =C65*F65 -> 0.14874 | I65: =G65+G67 -> 5.63874 | K65: =G65/G67*100 -> 2.7092896 | L65: =100-K65 -> 97.29071 | N65: =I65/H68*100 -> 95.815463
A66: HW356009-P1_MU-PL_1uM-A1 | B66: ='Experimental detail'!$C$6 -> 1 | C66: =VLOOKUP($A66,'Raw data'!$A$1:$T$1052,4,0) -> 10 | D66: =VLOOKUP($A66,'Raw data'!$A$1:$T$1052,5,0) -> 715000 | E66: =VLOOKUP($A66,'Raw data'!$A$1:$T$1052,6,0) -> 1320000 | F66: =VLOOKUP($A66,'Raw data'!$A$1:$T$1052,7,0) -> 0.541 | G66: =C66*F66 -> 5.41 | H66: =AVERAGE(G66:G67) -> 5.45
A67: HW356009-P1_MU-PL_1uM-A2 | C67: =VLOOKUP($A67,'Raw data'!$A$1:$T$1052,4,0) -> 10 | D67: =VLOOKUP($A67,'Raw data'!$A$1:$T$1052,5,0) -> 715000 | E67: =VLOOKUP($A67,'Raw data'!$A$1:$T$1052,6,0) -> 1300000 | F67: =VLOOKUP($A67,'Raw data'!$A$1:$T$1052,7,0) -> 0.549 | G67: =C67*F67 -> 5.49
A68: HW356009-P1_MU-PL_1uM-R1 | B68: ='Experimental detail'!$C$6 -> 1 | C68: =VLOOKUP($A68,'Raw data'!$A$1:$T$1052,4,0) -> 10 | D68: =VLOOKUP($A68,'Raw data'!$A$1:$T$1052,5,0) -> 756000 | E68: =VLOOKUP($A68,'Raw data'!$A$1:$T$1052,6,0) -> 1270000 | F68: =VLOOKUP($A68,'Raw data'!$A$1:$T$1052,7,0) -> 0.597 | G68: =C68*F68 -> 5.97 | H68: =AVERAGE(G68:G69) -> 5.885
A69: HW356009-P1_MU-PL_1uM-R2 | C69: =VLOOKUP($A69,'Raw data'!$A$1:$T$1052,4,0) -> 10 | D69: =VLOOKUP($A69,'Raw data'!$A$1:$T$1052,5,0) -> 760000 | E69: =VLOOKUP($A69,'Raw data'!$A$1:$T$1052,6,0) -> 1310000 | F69: =VLOOKUP($A69,'Raw data'!$A$1:$T$1052,7,0) -> 0.58 | G69: =C69*F69 -> 5.8
A71: =CONCATENATE("Stability of ",Summary!$A$2," in Mouse Plasma Incubated at 37 °C") -> Stability of HW356009-P1 in Mouse Plasma Incubated at 37 °C
A72: 样品名 | B72: 孵育浓度（µM） | C72: 对照样品的峰面积比平均值 | D72: 稀释因子 | E72: 化合物峰面积 | F72: 内标峰面积 | G72: 峰面积比 | H72: 计算峰面积比 | I72: 稳定性(%) | J72: 平均值(%)
A73: HW356009-P1_MU-PL_1uM-S1 | B73: ='Experimental detail'!$C$6 -> 1 | C73: =H68 -> 5.885 | D73: =VLOOKUP($A73,'Raw data'!$A$1:$T$1052,4,0) -> 10 | E73: =VLOOKUP($A73,'Raw data'!$A$1:$T$1052,5,0) -> 758000 | F73: =VLOOKUP($A73,'Raw data'!$A$1:$T$1052,6,0) -> 1310000 | G73: =VLOOKUP($A73,'Raw data'!$A$1:$T$1052,7,0) -> 0.578 | H73: =D73*G73 -> 5.78 | I73: =H73/C73*100 -> 98.215803 | J73: =AVERAGE(I73:I74) -> 97.790994
A74: HW356009-P1_MU-PL_1uM-S2 | D74: =VLOOKUP($A74,'Raw data'!$A$1:$T$1052,4,0) -> 10 | E74: =VLOOKUP($A74,'Raw data'!$A$1:$T$1052,5,0) -> 742000 | F74: =VLOOKUP($A74,'Raw data'!$A$1:$T$1052,6,0) -> 1290000 | G74: =VLOOKUP($A74,'Raw data'!$A$1:$T$1052,7,0) -> 0.573 | H74: =D74*G74 -> 5.73 | I74: =H74/C73*100 -> 97.366185

Sheet Controls
B1: 华法林
B2: Warfarin-Human Plasma 100%
B3: 样品名 | C3: 孵育浓度（µM） | D3: 稀释因子 | E3: 化合物峰面积 | F3: 内标峰面积 | G3: 峰面积比 | H3: 计算峰面积比 | I3: 平均值 | J3: 总和 | K3: 平均值 | L3: Fu (%) | M3: Fb (%) | N3: 平均值Fu (%) | O3: 回收率 (%) | P3: 平均值 (%)
B4: Warfarin_HM-PL_5uM-B1 | C4: 5 | D4: =VLOOKUP($B4,'Raw data'!$A$1:$T$1052,4,0) -> 2 | E4: =VLOOKUP($B4,'Raw data'!$A$1:$R$218,5,0) -> 6230 | F4: =VLOOKUP($B4,'Raw data'!$A$1:$R$218,6,0) -> 172000 | G4: =VLOOKUP($B4,'Raw data'!$A$1:$R$218,7,0) -> 0.0362 | H4: =D4*G4 -> 0.0724 | I4: =AVERAGE(H4:H5) -> 0.072 | J4: =H4+H6 -> 15.7924 | K4: =AVERAGE(J4:J5) -> 15.912 | L4: =H4/H6*100 -> 0.4605598 | M4: =100-L4 -> 99.53944 | N4: =AVERAGE(L4:L5) -> 0.45459068 | O4: =J4/I8*100 -> 88.373811 | P4: =AVERAGE(O4:O5) -> 89.043089
B5: Warfarin_HM-PL_5uM-B2 | D5: =VLOOKUP($B5,'Raw data'!$A$1:$T$1052,4,0) -> 2 | E5: =VLOOKUP($B5,'Raw data'!$A$1:$R$218,5,0) -> 6040 | F5: =VLOOKUP($B5,'Raw data'!$A$1:$R$218,6,0) -> 169000 | G5: =VLOOKUP($B5,'Raw data'!$A$1:$R$218,7,0) -> 0.0358 | H5: =D5*G5 -> 0.0716 | J5: =H5+H7 -> 16.0316 | L5: =H5/H7*100 -> 0.44862155 | M5: =100-L5 -> 99.551378 | O5: =J5/I8*100 -> 89.712367
B6: Warfarin_HM-PL_5uM-A1 | C6: 5 | D6: =VLOOKUP($B6,'Raw data'!$A$1:$T$1052,4,0) -> 2 | E6: =VLOOKUP($B6,'Raw data'!$A$1:$R$218,5,0) -> 1390000 | F6: =VLOOKUP($B6,'Raw data'!$A$1:$R$218,6,0) -> 177000 | G6: =VLOOKUP($B6,'Raw data'!$A$1:$R$218,7,0) -> 7.86 | H6: =D6*G6 -> 15.72 | I6: =AVERAGE(H6:H7) -> 15.84
B7: Warfarin_HM-PL_5uM-A2 | D7: =VLOOKUP($B7,'Raw data'!$A$1:$T$1052,4,0) -> 2 | E7: =VLOOKUP($B7,'Raw data'!$A$1:$R$218,5,0) -> 1350000 | F7: =VLOOKUP($B7,'Raw data'!$A$1:$R$218,6,0) -> 169000 | G7: =VLOOKUP($B7,'Raw data'!$A$1:$R$218,7,0) -> 7.98 | H7: =D7*G7 -> 15.96
B8: Warfarin_HM-PL_5uM-R1 | C8: 5 | D8: =VLOOKUP($B8,'Raw data'!$A$1:$T$1052,4,0) -> 2 | E8: =VLOOKUP($B8,'Raw data'!$A$1:$R$218,5,0) -> 1450000 | F8: =VLOOKUP($B8,'Raw data'!$A$1:$R$218,6,0) -> 161000 | G8: =VLOOKUP($B8,'Raw data'!$A$1:$R$218,7,0) -> 9 | H8: =D8*G8 -> 18 | I8: =AVERAGE(H8:H9) -> 17.87
B9: Warfarin_HM-PL_5uM-R2 | D9: =VLOOKUP($B9,'Raw data'!$A$1:$T$1052,4,0) -> 2 | E9: =VLOOKUP($B9,'Raw data'!$A$1:$R$218,5,0) -> 1410000 | F9: =VLOOKUP($B9,'Raw data'!$A$1:$R$218,6,0) -> 159000 | G9: =VLOOKUP($B9,'Raw data'!$A$1:$R$218,7,0) -> 8.87 | H9: =D9*G9 -> 17.74
B11: Warfarin-Monkey Plasma 100%
B12: 样品名 | C12: 孵育浓度（µM） | D12: 稀释因子 | E12: 化合物峰面积 | F12: 内标峰面积 | G12: 峰面积比 | H12: 计算峰面积比 | I12: 平均值 | J12: 总和 | K12: 平均值 | L12: Fu (%) | M12: Fb (%) | N12: 平均值Fu (%) | O12: 回收率 (%) | P12: 平均值 (%)
B13: Warfarin_MK-PL_5uM-B1 | C13: 5 | D13: =VLOOKUP($B13,'Raw data'!$A$1:$T$1052,4,0) -> 2 | E13: =VLOOKUP($B13,'Raw data'!$A$1:$R$218,5,0) -> 6630 | F13: =VLOOKUP($B13,'Raw data'!$A$1:$R$218,6,0) -> 161000 | G13: =VLOOKUP($B13,'Raw data'!$A$1:$R$218,7,0) -> 0.0411 | H13: =D13*G13 -> 0.0822 | I13: =AVERAGE(H13:H14) -> 0.0809 | J13: =H13+H15 -> 15.8422 | K13: =AVERAGE(J13:J14) -> 16.4209 | L13: =H13/H15*100 -> 0.5215736 | M13: =100-L13 -> 99.478426 | N13: =AVERAGE(L13:L14) -> 0.49601139 | O13: =J13/I17*100 -> 84.53682 | P13: =AVERAGE(O13:O14) -> 87.624867
B14: Warfarin_MK-PL_5uM-B2 | D14: =VLOOKUP($B14,'Raw data'!$A$1:$T$1052,4,0) -> 2 | E14: =VLOOKUP($B14,'Raw data'!$A$1:$R$218,5,0) -> 6350 | F14: =VLOOKUP($B14,'Raw data'!$A$1:$R$218,6,0) -> 160000 | G14: =VLOOKUP($B14,'Raw data'!$A$1:$R$218,7,0) -> 0.0398 | H14: =D14*G14 -> 0.0796 | J14: =H14+H16 -> 16.9996 | L14: =H14/H16*100 -> 0.47044917 | M14: =100-L14 -> 99.529551 | O14: =J14/I17*100 -> 90.712914
B15: Warfarin_MK-PL_5uM-A1 | C15: 5 | D15: =VLOOKUP($B15,'Raw data'!$A$1:$T$1052,4,0) -> 2 | E15: =VLOOKUP($B15,'Raw data'!$A$1:$R$218,5,0) -> 1360000 | F15: =VLOOKUP($B15,'Raw data'!$A$1:$R$218,6,0) -> 172000 | G15: =VLOOKUP($B15,'Raw data'!$A$1:$R$218,7,0) -> 7.88 | H15: =D15*G15 -> 15.76 | I15: =AVERAGE(H15:H16) -> 16.34
B16: Warfarin_MK-PL_5uM-A2 | D16: =VLOOKUP($B16,'Raw data'!$A$1:$T$1052,4,0) -> 2 | E16: =VLOOKUP($B16,'Raw data'!$A$1:$R$218,5,0) -> 1420000 | F16: =VLOOKUP($B16,'Raw data'!$A$1:$R$218,6,0) -> 167000 | G16: =VLOOKUP($B16,'Raw data'!$A$1:$R$218,7,0) -> 8.46 | H16: =D16*G16 -> 16.92
B17: Warfarin_MK-PL_5uM-R1 | C17: 5 | D17: =VLOOKUP($B17,'Raw data'!$A$1:$T$1052,4,0) -> 2 | E17: =VLOOKUP($B17,'Raw data'!$A$1:$R$218,5,0) -> 1560000 | F17: =VLOOKUP($B17,'Raw data'!$A$1:$R$218,6,0) -> 167000 | G17: =VLOOKUP($B17,'Raw data'!$A$1:$R$218,7,0) -> 9.31 | H17: =D17*G17 -> 18.62 | I17: =AVERAGE(H17:H18) -> 18.74
B18: Warfarin_MK-PL_5uM-R2 | D18: =VLOOKUP($B18,'Raw data'!$A$1:$T$1052,4,0) -> 2 | E18: =VLOOKUP($B18,'Raw data'!$A$1:$R$218,5,0) -> 1490000 | F18: =VLOOKUP($B18,'Raw data'!$A$1:$R$218,6,0) -> 158000 | G18: =VLOOKUP($B18,'Raw data'!$A$1:$R$218,7,0) -> 9.43 | H18: =D18*G18 -> 18.86
B20: Warfarin-Dog Plasma 100%
B21: 样品名 | C21: 孵育浓度（µM） | D21: 稀释因子 | E21: 化合物峰面积 | F21: 内标峰面积 | G21: 峰面积比 | H21: 计算峰面积比 | I21: 平均值 | J21: 总和 | K21: 平均值 | L21: Fu (%) | M21: Fb (%) | N21: 平均值Fu (%) | O21: 回收率 (%) | P21: 平均值 (%)
B22: Warfarin_BD-PL_5uM-B1 | C22: 5 | D22: =VLOOKUP($B22,'Raw data'!$A$1:$T$1052,4,0) -> 2 | E22: =VLOOKUP($B22,'Raw data'!$A$1:$R$218,5,0) -> 40400 | F22: =VLOOKUP($B22,'Raw data'!$A$1:$R$218,6,0) -> 163000 | G22: =VLOOKUP($B22,'Raw data'!$A$1:$R$218,7,0) -> 0.247 | H22: =D22*G22 -> 0.494 | I22: =AVERAGE(H22:H23) -> 0.49 | J22: =H22+H24 -> 16.254 | K22: =AVERAGE(J22:J23) -> 16.97 | L22: =H22/H24*100 -> 3.1345178 | M22: =100-L22 -> 96.865482 | N22: =AVERAGE(L22:L23) -> 2.9800496 | O22: =J22/I26*100 -> 89.751518 | P22: =AVERAGE(O22:O23) -> 93.705135
B23: Warfarin_BD-PL_5uM-B2 | D23: =VLOOKUP($B23,'Raw data'!$A$1:$T$1052,4,0) -> 2 | E23: =VLOOKUP($B23,'Raw data'!$A$1:$R$218,5,0) -> 39800 | F23: =VLOOKUP($B23,'Raw data'!$A$1:$R$218,6,0) -> 164000 | G23: =VLOOKUP($B23,'Raw data'!$A$1:$R$218,7,0) -> 0.243 | H23: =D23*G23 -> 0.486 | J23: =H23+H25 -> 17.686 | L23: =H23/H25*100 -> 2.8255814 | M23: =100-L23 -> 97.174419 | O23: =J23/I26*100 -> 97.658752
B24: Warfarin_BD-PL_5uM-A1 | C24: 5 | D24: =VLOOKUP($B24,'Raw data'!$A$1:$T$1052,4,0) -> 2 | E24: =VLOOKUP($B24,'Raw data'!$A$1:$R$218,5,0) -> 1280000 | F24: =VLOOKUP($B24,'Raw data'!$A$1:$R$218,6,0) -> 163000 | G24: =VLOOKUP($B24,'Raw data'!$A$1:$R$218,7,0) -> 7.88 | H24: =D24*G24 -> 15.76 | I24: =AVERAGE(H24:H25) -> 16.48
B25: Warfarin_BD-PL_5uM-A2 | D25: =VLOOKUP($B25,'Raw data'!$A$1:$T$1052,4,0) -> 2 | E25: =VLOOKUP($B25,'Raw data'!$A$1:$R$218,5,0) -> 1370000 | F25: =VLOOKUP($B25,'Raw data'!$A$1:$R$218,6,0) -> 159000 | G25: =VLOOKUP($B25,'Raw data'!$A$1:$R$218,7,0) -> 8.6 | H25: =D25*G25 -> 17.2
B26: Warfarin_BD-PL_5uM-R1 | C26: 5 | D26: =VLOOKUP($B26,'Raw data'!$A$1:$T$1052,4,0) -> 2 | E26: =VLOOKUP($B26,'Raw data'!$A$1:$R$218,5,0) -> 1430000 | F26: =VLOOKUP($B26,'Raw data'!$A$1:$R$218,6,0) -> 155000 | G26: =VLOOKUP($B26,'Raw data'!$A$1:$R$218,7,0) -> 9.22 | H26: =D26*G26 -> 18.44 | I26: =AVERAGE(H26:H27) -> 18.11
B27: Warfarin_BD-PL_5uM-R2 | D27: =VLOOKUP($B27,'Raw data'!$A$1:$T$1052,4,0) -> 2 | E27: =VLOOKUP($B27,'Raw data'!$A$1:$R$218,5,0) -> 1410000 | F27: =VLOOKUP($B27,'Raw data'!$A$1:$R$218,6,0) -> 159000 | G27: =VLOOKUP($B27,'Raw data'!$A$1:$R$218,7,0) -> 8.89 | H27: =D27*G27 -> 17.78
B29: Warfarin-Rat Plasma 100%
B30: 样品名 | C30: 孵育浓度（µM） | D30: 稀释因子 | E30: 化合物峰面积 | F30: 内标峰面积 | G30: 峰面积比 | H30: 计算峰面积比 | I30: 平均值 | J30: 总和 | K30: 平均值 | L30: Fu (%) | M30: Fb (%) | N30: 平均值Fu (%) | O30: 回收率 (%) | P30: 平均值 (%)
B31: Warfarin_SR-PL_5uM-B1 | C31: 5 | D31: =VLOOKUP($B31,'Raw data'!$A$1:$T$1052,4,0) -> 2 | E31: =VLOOKUP($B31,'Raw data'!$A$1:$R$218,5,0) -> 4260 | F31: =VLOOKUP($B31,'Raw data'!$A$1:$R$218,6,0) -> 159000 | G31: =VLOOKUP($B31,'Raw data'!$A$1:$R$218,7,0) -> 0.0269 | H31: =D31*G31 -> 0.0538 | I31: =AVERAGE(H31:H32) -> 0.0518 | J31: =H31+H33 -> 15.1138 | K31: =AVERAGE(J31:J32) -> 14.8418 | L31: =H31/H33*100 -> 0.35723772 | M31: =100-L31 -> 99.642762 | N31: =AVERAGE(L31:L32) -> 0.35010646 | O31: =J31/I35*100 -> 86.512879 | P31: =AVERAGE(O31:O32) -> 84.955924
B32: Warfarin_SR-PL_5uM-B2 | D32: =VLOOKUP($B32,'Raw data'!$A$1:$T$1052,4,0) -> 2 | E32: =VLOOKUP($B32,'Raw data'!$A$1:$R$218,5,0) -> 4120 | F32: =VLOOKUP($B32,'Raw data'!$A$1:$R$218,6,0) -> 166000 | G32: =VLOOKUP($B32,'Raw data'!$A$1:$R$218,7,0) -> 0.0249 | H32: =D32*G32 -> 0.0498 | J32: =H32+H34 -> 14.5698 | L32: =H32/H34*100 -> 0.34297521 | M32: =100-L32 -> 99.657025 | O32: =J32/I35*100 -> 83.39897
B33: Warfarin_SR-PL_5uM-A1 | C33: 5 | D33: =VLOOKUP($B33,'Raw data'!$A$1:$T$1052,4,0) -> 2 | E33: =VLOOKUP($B33,'Raw data'!$A$1:$R$218,5,0) -> 1220000 | F33: =VLOOKUP($B33,'Raw data'!$A$1:$R$218,6,0) -> 162000 | G33: =VLOOKUP($B33,'Raw data'!$A$1:$R$218,7,0) -> 7.53 | H33: =D33*G33 -> 15.06 | I33: =AVERAGE(H33:H34) -> 14.79
B34: Warfarin_SR-PL_5uM-A2 | D34: =VLOOKUP($B34,'Raw data'!$A$1:$T$1052,4,0) -> 2 | E34: =VLOOKUP($B34,'Raw data'!$A$1:$R$218,5,0) -> 1180000 | F34: =VLOOKUP($B34,'Raw data'!$A$1:$R$218,6,0) -> 162000 | G34: =VLOOKUP($B34,'Raw data'!$A$1:$R$218,7,0) -> 7.26 | H34: =D34*G34 -> 14.52
B35: Warfarin_SR-PL_5uM-R1 | C35: 5 | D35: =VLOOKUP($B35,'Raw data'!$A$1:$T$1052,4,0) -> 2 | E35: =VLOOKUP($B35,'Raw data'!$A$1:$R$218,5,0) -> 1340000 | F35: =VLOOKUP($B35,'Raw data'!$A$1:$R$218,6,0) -> 155000 | G35: =VLOOKUP($B35,'Raw data'!$A$1:$R$218,7,0) -> 8.65 | H35: =D35*G35 -> 17.3 | I35: =AVERAGE(H35:H36) -> 17.47
B36: Warfarin_SR-PL_5uM-R2 | D36: =VLOOKUP($B36,'Raw data'!$A$1:$T$1052,4,0) -> 2 | E36: =VLOOKUP($B36,'Raw data'!$A$1:$R$218,5,0) -> 1340000 | F36: =VLOOKUP($B36,'Raw data'!$A$1:$R$218,6,0) -> 152000 | G36: =VLOOKUP($B36,'Raw data'!$A$1:$R$218,7,0) -> 8.82 | H36: =D36*G36 -> 17.64
B38: Warfarin-Mouse Plasma 100%
B39: 样品名 | C39: 孵育浓度（µM） | D39: 稀释因子 | E39: 化合物峰面积 | F39: 内标峰面积 | G39: 峰面积比 | H39: 计算峰面积比 | I39: 平均值 | J39: 总和 | K39: 平均值 | L39: Fu (%) | M39: Fb (%) | N39: 平均值Fu (%) | O39: 回收率 (%) | P39: 平均值 (%)
B40: Warfarin_MU-PL_5uM-B1 | C40: 5 | D40: =VLOOKUP($B40,'Raw data'!$A$1:$T$1052,4,0) -> 2 | E40: =VLOOKUP($B40,'Raw data'!$A$1:$R$218,5,0) -> 67500 | F40: =VLOOKUP($B40,'Raw data'!$A$1:$R$218,6,0) -> 159000 | G40: =VLOOKUP($B40,'Raw data'!$A$1:$R$218,7,0) -> 0.425 | H40: =D40*G40 -> 0.85 | I40: =AVERAGE(H40:H41) -> 0.819 | J40: =H40+H42 -> 15.57 | K40: =AVERAGE(J40:J41) -> 15.089 | L40: =H40/H42*100 -> 5.7744565 | M40: =100-L40 -> 94.225543 | N40: =AVERAGE(L40:L41) -> 5.7381689 | O40: =J40/I44*100 -> 95.054945 | P40: =AVERAGE(O40:O41) -> 92.118437
B41: Warfarin_MU-PL_5uM-B2 | D41: =VLOOKUP($B41,'Raw data'!$A$1:$T$1052,4,0) -> 2 | E41: =VLOOKUP($B41,'Raw data'!$A$1:$R$218,5,0) -> 64300 | F41: =VLOOKUP($B41,'Raw data'!$A$1:$R$218,6,0) -> 163000 | G41: =VLOOKUP($B41,'Raw data'!$A$1:$R$218,7,0) -> 0.394 | H41: =D41*G41 -> 0.788 | J41: =H41+H43 -> 14.608 | L41: =H41/H43*100 -> 5.7018813 | M41: =100-L41 -> 94.298119 | O41: =J41/I44*100 -> 89.181929
B42: Warfarin_MU-PL_5uM-A1 | C42: 5 | D42: =VLOOKUP($B42,'Raw data'!$A$1:$T$1052,4,0) -> 2 | E42: =VLOOKUP($B42,'Raw data'!$A$1:$R$218,5,0) -> 1120000 | F42: =VLOOKUP($B42,'Raw data'!$A$1:$R$218,6,0) -> 152000 | G42: =VLOOKUP($B42,'Raw data'!$A$1:$R$218,7,0) -> 7.36 | H42: =D42*G42 -> 14.72 | I42: =AVERAGE(H42:H43) -> 14.27
B43: Warfarin_MU-PL_5uM-A2 | D43: =VLOOKUP($B43,'Raw data'!$A$1:$T$1052,4,0) -> 2 | E43: =VLOOKUP($B43,'Raw data'!$A$1:$R$218,5,0) -> 1060000 | F43: =VLOOKUP($B43,'Raw data'!$A$1:$R$218,6,0) -> 153000 | G43: =VLOOKUP($B43,'Raw data'!$A$1:$R$218,7,0) -> 6.91 | H43: =D43*G43 -> 13.82
B44: Warfarin_MU-PL_5uM-R1 | C44: 5 | D44: =VLOOKUP($B44,'Raw data'!$A$1:$T$1052,4,0) -> 2 | E44: =VLOOKUP($B44,'Raw data'!$A$1:$R$218,5,0) -> 1230000 | F44: =VLOOKUP($B44,'Raw data'!$A$1:$R$218,6,0) -> 151000 | G44: =VLOOKUP($B44,'Raw data'!$A$1:$R$218,7,0) -> 8.11 | H44: =D44*G44 -> 16.22 | I44: =AVERAGE(H44:H45) -> 16.38
B45: Warfarin_MU-PL_5uM-R2 | D45: =VLOOKUP($B45,'Raw data'!$A$1:$T$1052,4,0) -> 2 | E45: =VLOOKUP($B45,'Raw data'!$A$1:$R$218,5,0) -> 1230000 | F45: =VLOOKUP($B45,'Raw data'!$A$1:$R$218,6,0) -> 149000 | G45: =VLOOKUP($B45,'Raw data'!$A$1:$R$218,7,0) -> 8.27 | H45: =D45*G45 -> 16.54
B49: 对乙酰氨基酚
B50: Acetaminophen-Human Plasma 100%
B51: 样品名 | C51: 孵育浓度（µM） | D51: 稀释因子 | E51: 化合物峰面积 | F51: 内标峰面积 | G51: 峰面积比 | H51: 计算峰面积比 | I51: 平均值 | J51: 总和 | K51: 平均值 | L51: Fu (%) | M51: Fb (%) | N51: 平均值Fu (%) | O51: 回收率 (%) | P51: 平均值 (%)
B52: Acetaminophen_HM-PL_5uM-B1 | C52: 5 | D52: =VLOOKUP($B52,'Raw data'!$A$1:$T$1052,4,0) -> 2 | E52: =VLOOKUP($B52,'Raw data'!$A$1:$R$218,5,0) -> 9860 | F52: =VLOOKUP($B52,'Raw data'!$A$1:$R$218,6,0) -> 912000 | G52: =VLOOKUP($B52,'Raw data'!$A$1:$R$218,7,0) -> 0.0108 | H52: =D52*G52 -> 0.0216 | I52: =AVERAGE(H52:H53) -> 0.0213 | J52: =H52+H54 -> 0.0498 | K52: =AVERAGE(J52:J53) -> 0.0479 | L52: =H52/H54*100 -> 76.595745 | M52: =100-L52 -> 23.404255 | N52: =AVERAGE(L52:L53) -> 80.297872 | O52: =J52/I56*100 -> 91.544118 | P52: =AVERAGE(O52:O53) -> 88.051471
B53: Acetaminophen_HM-PL_5uM-B2 | D53: =VLOOKUP($B53,'Raw data'!$A$1:$T$1052,4,0) -> 2 | E53: =VLOOKUP($B53,'Raw data'!$A$1:$R$218,5,0) -> 9660 | F53: =VLOOKUP($B53,'Raw data'!$A$1:$R$218,6,0) -> 919000 | G53: =VLOOKUP($B53,'Raw data'!$A$1:$R$218,7,0) -> 0.0105 | H53: =D53*G53 -> 0.021 | J53: =H53+H55 -> 0.046 | L53: =H53/H55*100 -> 84 | M53: NA | O53: =J53/I56*100 -> 84.558824
B54: Acetaminophen_HM-PL_5uM-A1 | C54: 5 | D54: =VLOOKUP($B54,'Raw data'!$A$1:$T$1052,4,0) -> 2 | E54: =VLOOKUP($B54,'Raw data'!$A$1:$R$218,5,0) -> 13200 | F54: =VLOOKUP($B54,'Raw data'!$A$1:$R$218,6,0) -> 934000 | G54: =VLOOKUP($B54,'Raw data'!$A$1:$R$218,7,0) -> 0.0141 | H54: =D54*G54 -> 0.0282 | I54: =AVERAGE(H54:H55) -> 0.0266
B55: Acetaminophen_HM-PL_5uM-A2 | D55: =VLOOKUP($B55,'Raw data'!$A$1:$T$1052,4,0) -> 2 | E55: =VLOOKUP($B55,'Raw data'!$A$1:$R$218,5,0) -> 11700 | F55: =VLOOKUP($B55,'Raw data'!$A$1:$R$218,6,0) -> 935000 | G55: =VLOOKUP($B55,'Raw data'!$A$1:$R$218,7,0) -> 0.0125 | H55: =D55*G55 -> 0.025
B56: Acetaminophen_HM-PL_5uM-R1 | C56: 5 | D56: =VLOOKUP($B56,'Raw data'!$A$1:$T$1052,4,0) -> 2 | E56: =VLOOKUP($B56,'Raw data'!$A$1:$R$218,5,0) -> 23700 | F56: =VLOOKUP($B56,'Raw data'!$A$1:$R$218,6,0) -> 893000 | G56: =VLOOKUP($B56,'Raw data'!$A$1:$R$218,7,0) -> 0.0265 | H56: =D56*G56 -> 0.053 | I56: =AVERAGE(H56:H57) -> 0.0544
B57: Acetaminophen_HM-PL_5uM-R2 | D57: =VLOOKUP($B57,'Raw data'!$A$1:$T$1052,4,0) -> 2 | E57: =VLOOKUP($B57,'Raw data'!$A$1:$R$218,5,0) -> 24200 | F57: =VLOOKUP($B57,'Raw data'!$A$1:$R$218,6,0) -> 870000 | G57: =VLOOKUP($B57,'Raw data'!$A$1:$R$218,7,0) -> 0.0279 | H57: =D57*G57 -> 0.0558
B59: Acetaminophen-Monkey Plasma 100%
B60: 样品名 | C60: 孵育浓度（µM） | D60: 稀释因子 | E60: 化合物峰面积 | F60: 内标峰面积 | G60: 峰面积比 | H60: 计算峰面积比 | I60: 平均值 | J60: 总和 | K60: 平均值 | L60: Fu (%) | M60: Fb (%) | N60: 平均值Fu (%) | O60: 回收率 (%) | P60: 平均值 (%)
B61: Acetaminophen_MK-PL_5uM-B1 | C61: 5 | D61: =VLOOKUP($B61,'Raw data'!$A$1:$T$1052,4,0) -> 2 | E61: =VLOOKUP($B61,'Raw data'!$A$1:$R$218,5,0) -> 9720 | F61: =VLOOKUP($B61,'Raw data'!$A$1:$R$218,6,0) -> 890000 | G61: =VLOOKUP($B61,'Raw data'!$A$1:$R$218,7,0) -> 0.0109 | H61: =D61*G61 -> 0.0218 | I61: =AVERAGE(H61:H62) -> 0.021 | J61: =H61+H63 -> 0.0458 | K61: =AVERAGE(J61:J62) -> 0.045 | L61: =H61/H63*100 -> 90.833333 | M61: =100-L61 -> 9.1666667 | N61: =AVERAGE(L61:L62) -> 87.5 | O61: =J61/I65*100 -> 95.020747 | P61: =AVERAGE(O61:O62) -> 93.360996
B62: Acetaminophen_MK-PL_5uM-B2 | D62: =VLOOKUP($B62,'Raw data'!$A$1:$T$1052,4,0) -> 2 | E62: =VLOOKUP($B62,'Raw data'!$A$1:$R$218,5,0) -> 9290 | F62: =VLOOKUP($B62,'Raw data'!$A$1:$R$218,6,0) -> 920000 | G62: =VLOOKUP($B62,'Raw data'!$A$1:$R$218,7,0) -> 0.0101 | H62: =D62*G62 -> 0.0202 | J62: =H62+H64 -> 0.0442 | L62: =H62/H64*100 -> 84.166667 | M62: =100-L62 -> 15.833333 | O62: =J62/I65*100 -> 91.701245
B63: Acetaminophen_MK-PL_5uM-A1 | C63: 5 | D63: =VLOOKUP($B63,'Raw data'!$A$1:$T$1052,4,0) -> 2 | E63: =VLOOKUP($B63,'Raw data'!$A$1:$R$218,5,0) -> 11400 | F63: =VLOOKUP($B63,'Raw data'!$A$1:$R$218,6,0) -> 948000 | G63: =VLOOKUP($B63,'Raw data'!$A$1:$R$218,7,0) -> 0.012 | H63: =D63*G63 -> 0.024 | I63: =AVERAGE(H63:H64) -> 0.024
B64: Acetaminophen_MK-PL_5uM-A2 | D64: =VLOOKUP($B64,'Raw data'!$A$1:$T$1052,4,0) -> 2 | E64: =VLOOKUP($B64,'Raw data'!$A$1:$R$218,5,0) -> 11300 | F64: =VLOOKUP($B64,'Raw data'!$A$1:$R$218,6,0) -> 943000 | G64: =VLOOKUP($B64,'Raw data'!$A$1:$R$218,7,0) -> 0.012 | H64: =D64*G64 -> 0.024
B65: Acetaminophen_MK-PL_5uM-R1 | C65: 5 | D65: =VLOOKUP($B65,'Raw data'!$A$1:$T$1052,4,0) -> 2 | E65: =VLOOKUP($B65,'Raw data'!$A$1:$R$218,5,0) -> 23000 | F65: =VLOOKUP($B65,'Raw data'!$A$1:$R$218,6,0) -> 927000 | G65: =VLOOKUP($B65,'Raw data'!$A$1:$R$218,7,0) -> 0.0248 | H65: =D65*G65 -> 0.0496 | I65: =AVERAGE(H65:H66) -> 0.0482
B66: Acetaminophen_MK-PL_5uM-R2 | D66: =VLOOKUP($B66,'Raw data'!$A$1:$T$1052,4,0) -> 2 | E66: =VLOOKUP($B66,'Raw data'!$A$1:$R$218,5,0) -> 21000 | F66: =VLOOKUP($B66,'Raw data'!$A$1:$R$218,6,0) -> 896000 | G66: =VLOOKUP($B66,'Raw data'!$A$1:$R$218,7,0) -> 0.0234 | H66: =D66*G66 -> 0.0468
B68: Acetaminophen-Dog Plasma 100%
B69: 样品名 | C69: 孵育浓度（µM） | D69: 稀释因子 | E69: 化合物峰面积 | F69: 内标峰面积 | G69: 峰面积比 | H69: 计算峰面积比 | I69: 平均值 | J69: 总和 | K69: 平均值 | L69: Fu (%) | M69: Fb (%) | N69: 平均值Fu (%) | O69: 回收率 (%) | P69: 平均值 (%)
B70: Acetaminophen_BD-PL_5uM-B1 | C70: 5 | D70: =VLOOKUP($B70,'Raw data'!$A$1:$T$1052,4,0) -> 2 | E70: =VLOOKUP($B70,'Raw data'!$A$1:$R$218,5,0) -> 8000 | F70: =VLOOKUP($B70,'Raw data'!$A$1:$R$218,6,0) -> 885000 | G70: =VLOOKUP($B70,'Raw data'!$A$1:$R$218,7,0) -> 0.00903 | H70: =D70*G70 -> 0.01806 | I70: =AVERAGE(H70:H71) -> 0.0186 | J70: =H70+H72 -> 0.04046 | K70: =AVERAGE(J70:J71) -> 0.0411 | L70: =H70/H72*100 -> 80.625 | M70: =100-L70 -> 19.375 | N70: =AVERAGE(L70:L71) -> 82.657633 | O70: =J70/I74*100 -> 83.768116 | P70: =AVERAGE(O70:O71) -> 85.093168
B71: Acetaminophen_BD-PL_5uM-B2 | D71: =VLOOKUP($B71,'Raw data'!$A$1:$T$1052,4,0) -> 2 | E71: =VLOOKUP($B71,'Raw data'!$A$1:$R$218,5,0) -> 8860 | F71: =VLOOKUP($B71,'Raw data'!$A$1:$R$218,6,0) -> 926000 | G71: =VLOOKUP($B71,'Raw data'!$A$1:$R$218,7,0) -> 0.00957 | H71: =D71*G71 -> 0.01914 | J71: =H71+H73 -> 0.04174 | L71: =H71/H73*100 -> 84.690265 | M71: =100-L71 -> 15.309735 | O71: =J71/I74*100 -> 86.418219
B72: Acetaminophen_BD-PL_5uM-A1 | C72: 5 | D72: =VLOOKUP($B72,'Raw data'!$A$1:$T$1052,4,0) -> 2 | E72: =VLOOKUP($B72,'Raw data'!$A$1:$R$218,5,0) -> 10600 | F72: =VLOOKUP($B72,'Raw data'!$A$1:$R$218,6,0) -> 949000 | G72: =VLOOKUP($B72,'Raw data'!$A$1:$R$218,7,0) -> 0.0112 | H72: =D72*G72 -> 0.0224 | I72: =AVERAGE(H72:H73) -> 0.0225
B73: Acetaminophen_BD-PL_5uM-A2 | D73: =VLOOKUP($B73,'Raw data'!$A$1:$T$1052,4,0) -> 2 | E73: =VLOOKUP($B73,'Raw data'!$A$1:$R$218,5,0) -> 10800 | F73: =VLOOKUP($B73,'Raw data'!$A$1:$R$218,6,0) -> 952000 | G73: =VLOOKUP($B73,'Raw data'!$A$1:$R$218,7,0) -> 0.0113 | H73: =D73*G73 -> 0.0226
B74: Acetaminophen_BD-PL_5uM-R1 | C74: 5 | D74: =VLOOKUP($B74,'Raw data'!$A$1:$T$1052,4,0) -> 2 | E74: =VLOOKUP($B74,'Raw data'!$A$1:$R$218,5,0) -> 21000 | F74: =VLOOKUP($B74,'Raw data'!$A$1:$R$218,6,0) -> 888000 | G74: =VLOOKUP($B74,'Raw data'!$A$1:$R$218,7,0) -> 0.0237 | H74: =D74*G74 -> 0.0474 | I74: =AVERAGE(H74:H75) -> 0.0483
B75: Acetaminophen_BD-PL_5uM-R2 | D75: =VLOOKUP($B75,'Raw data'!$A$1:$T$1052,4,0) -> 2 | E75: =VLOOKUP($B75,'Raw data'!$A$1:$R$218,5,0) -> 21700 | F75: =VLOOKUP($B75,'Raw data'!$A$1:$R$218,6,0) -> 884000 | G75: =VLOOKUP($B75,'Raw data'!$A$1:$R$218,7,0) -> 0.0246 | H75: =D75*G75 -> 0.0492
B77: Acetaminophen-Rat Plasma 100%
B78: 样品名 | C78: 孵育浓度（µM） | D78: 稀释因子 | E78: 化合物峰面积 | F78: 内标峰面积 | G78: 峰面积比 | H78: 计算峰面积比 | I78: 平均值 | J78: 总和 | K78: 平均值 | L78: Fu (%) | M78: Fb (%) | N78: 平均值Fu (%) | O78: 回收率 (%) | P78: 平均值 (%)
B79: Acetaminophen_SR-PL_5uM-B1 | C79: 5 | D79: =VLOOKUP($B79,'Raw data'!$A$1:$T$1052,4,0) -> 2 | E79: =VLOOKUP($B79,'Raw data'!$A$1:$R$218,5,0) -> 7060 | F79: =VLOOKUP($B79,'Raw data'!$A$1:$R$218,6,0) -> 855000 | G79: =VLOOKUP($B79,'Raw data'!$A$1:$R$218,7,0) -> 0.00826 | H79: =D79*G79 -> 0.01652 | I79: =AVERAGE(H79:H80) -> 0.01805 | J79: =H79+H81 -> 0.04392 | K79: =AVERAGE(J79:J80) -> 0.04605 | L79: =H79/H81*100 -> 60.291971 | M79: =100-L79 -> 39.708029 | N79: =AVERAGE(L79:L80) -> 64.376755 | O79: =J79/I83*100 -> 88.192771 | P79: =AVERAGE(O79:O80) -> 92.46988
B80: Acetaminophen_SR-PL_5uM-B2 | D80: =VLOOKUP($B80,'Raw data'!$A$1:$T$1052,4,0) -> 2 | E80: =VLOOKUP($B80,'Raw data'!$A$1:$R$218,5,0) -> 8090 | F80: =VLOOKUP($B80,'Raw data'!$A$1:$R$218,6,0) -> 827000 | G80: =VLOOKUP($B80,'Raw data'!$A$1:$R$218,7,0) -> 0.00979 | H80: =D80*G80 -> 0.01958 | J80: =H80+H82 -> 0.04818 | L80: =H80/H82*100 -> 68.461538 | M80: =100-L80 -> 31.538462 | O80: =J80/I83*100 -> 96.746988
B81: Acetaminophen_SR-PL_5uM-A1 | C81: 5 | D81: =VLOOKUP($B81,'Raw data'!$A$1:$T$1052,4,0) -> 2 | E81: =VLOOKUP($B81,'Raw data'!$A$1:$R$218,5,0) -> 11300 | F81: =VLOOKUP($B81,'Raw data'!$A$1:$R$218,6,0) -> 830000 | G81: =VLOOKUP($B81,'Raw data'!$A$1:$R$218,7,0) -> 0.0137 | H81: =D81*G81 -> 0.0274 | I81: =AVERAGE(H81:H82) -> 0.028
B82: Acetaminophen_SR-PL_5uM-A2 | D82: =VLOOKUP($B82,'Raw data'!$A$1:$T$1052,4,0) -> 2 | E82: =VLOOKUP($B82,'Raw data'!$A$1:$R$218,5,0) -> 12000 | F82: =VLOOKUP($B82,'Raw data'!$A$1:$R$218,6,0) -> 840000 | G82: =VLOOKUP($B82,'Raw data'!$A$1:$R$218,7,0) -> 0.0143 | H82: =D82*G82 -> 0.0286
B83: Acetaminophen_SR-PL_5uM-R1 | C83: 5 | D83: =VLOOKUP($B83,'Raw data'!$A$1:$T$1052,4,0) -> 2 | E83: =VLOOKUP($B83,'Raw data'!$A$1:$R$218,5,0) -> 20500 | F83: =VLOOKUP($B83,'Raw data'!$A$1:$R$218,6,0) -> 823000 | G83: =VLOOKUP($B83,'Raw data'!$A$1:$R$218,7,0) -> 0.025 | H83: =D83*G83 -> 0.05 | I83: =AVERAGE(H83:H84) -> 0.0498
B84: Acetaminophen_SR-PL_5uM-R2 | D84: =VLOOKUP($B84,'Raw data'!$A$1:$T$1052,4,0) -> 2 | E84: =VLOOKUP($B84,'Raw data'!$A$1:$R$218,5,0) -> 19100 | F84: =VLOOKUP($B84,'Raw data'!$A$1:$R$218,6,0) -> 772000 | G84: =VLOOKUP($B84,'Raw data'!$A$1:$R$218,7,0) -> 0.0248 | H84: =D84*G84 -> 0.0496
B86: Acetaminophen-Mouse Plasma 100%
B87: 样品名 | C87: 孵育浓度（µM） | D87: 稀释因子 | E87: 化合物峰面积 | F87: 内标峰面积 | G87: 峰面积比 | H87: 计算峰面积比 | I87: 平均值 | J87: 总和 | K87: 平均值 | L87: Fu (%) | M87: Fb (%) | N87: 平均值Fu (%) | O87: 回收率 (%) | P87: 平均值 (%)
B88: Acetaminophen_MU-PL_5uM-B1 | C88: 5 | D88: =VLOOKUP($B88,'Raw data'!$A$1:$T$1052,4,0) -> 2 | E88: =VLOOKUP($B88,'Raw data'!$A$1:$R$218,5,0) -> 7840 | F88: =VLOOKUP($B88,'Raw data'!$A$1:$R$218,6,0) -> 788000 | G88: =VLOOKUP($B88,'Raw data'!$A$1:$R$218,7,0) -> 0.00995 | H88: =D88*G88 -> 0.0199 | I88: =AVERAGE(H88:H89) -> 0.02025 | J88: =H88+H90 -> 0.0451 | K88: =AVERAGE(J88:J89) -> 0.04585 | L88: =H88/H90*100 -> 78.968254 | M88: =100-L88 -> 21.031746 | N88: =AVERAGE(L88:L89) -> 79.099512 | O88: =J88/I92*100 -> 92.989691 | P88: =AVERAGE(O88:O89) -> 94.536082
B89: Acetaminophen_MU-PL_5uM-B2 | D89: =VLOOKUP($B89,'Raw data'!$A$1:$T$1052,4,0) -> 2 | E89: =VLOOKUP($B89,'Raw data'!$A$1:$R$218,5,0) -> 7610 | F89: =VLOOKUP($B89,'Raw data'!$A$1:$R$218,6,0) -> 742000 | G89: =VLOOKUP($B89,'Raw data'!$A$1:$R$218,7,0) -> 0.0103 | H89: =D89*G89 -> 0.0206 | J89: =H89+H91 -> 0.0466 | L89: =H89/H91*100 -> 79.230769 | M89: =100-L89 -> 20.769231 | O89: =J89/I92*100 -> 96.082474
B90: Acetaminophen_MU-PL_5uM-A1 | C90: 5 | D90: =VLOOKUP($B90,'Raw data'!$A$1:$T$1052,4,0) -> 2 | E90: =VLOOKUP($B90,'Raw data'!$A$1:$R$218,5,0) -> 9790 | F90: =VLOOKUP($B90,'Raw data'!$A$1:$R$218,6,0) -> 779000 | G90: =VLOOKUP($B90,'Raw data'!$A$1:$R$218,7,0) -> 0.0126 | H90: =D90*G90 -> 0.0252 | I90: =AVERAGE(H90:H91) -> 0.0256
B91: Acetaminophen_MU-PL_5uM-A2 | D91: =VLOOKUP($B91,'Raw data'!$A$1:$T$1052,4,0) -> 2 | E91: =VLOOKUP($B91,'Raw data'!$A$1:$R$218,5,0) -> 9760 | F91: =VLOOKUP($B91,'Raw data'!$A$1:$R$218,6,0) -> 751000 | G91: =VLOOKUP($B91,'Raw data'!$A$1:$R$218,7,0) -> 0.013 | H91: =D91*G91 -> 0.026
B92: Acetaminophen_MU-PL_5uM-R1 | C92: 5 | D92: =VLOOKUP($B92,'Raw data'!$A$1:$T$1052,4,0) -> 2 | E92: =VLOOKUP($B92,'Raw data'!$A$1:$R$218,5,0) -> 19300 | F92: =VLOOKUP($B92,'Raw data'!$A$1:$R$218,6,0) -> 765000 | G92: =VLOOKUP($B92,'Raw data'!$A$1:$R$218,7,0) -> 0.0252 | H92: =D92*G92 -> 0.0504 | I92: =AVERAGE(H92:H93) -> 0.0485
B93: Acetaminophen_MU-PL_5uM-R2 | D93: =VLOOKUP($B93,'Raw data'!$A$1:$T$1052,4,0) -> 2 | E93: =VLOOKUP($B93,'Raw data'!$A$1:$R$218,5,0) -> 19100 | F93: =VLOOKUP($B93,'Raw data'!$A$1:$R$218,6,0) -> 822000 | G93: =VLOOKUP($B93,'Raw data'!$A$1:$R$218,7,0) -> 0.0233 | H93: =D93*G93 -> 0.0466

Sheet Raw data
A1: =Summary!A2 -> HW356009-P1
A2: Peak Name: Ver
A3: Use as Internal Standard
A4: Q1/Q3 Masses: 455.10/165.10 Da
A5: Peak Name: Gli
A6: Use as Internal Standard
A7: Q1/Q3 Masses: 494.20/169.10 Da
A9: Peak Name: HW356009-P1-Ver
A10: Internal Standard: Ver
A11: Q1/Q3 Masses: 604.30/411.10 Da
A13: Fit | B13: Linear | C13: Weighting | D13: 1 / (x * x) | E13: Iterate | F13: No
A14: Error | B14: At least 2 points are required to calculate regression.
A15: Use Area
A17: Peak Name: HW356009-P1-Gli
A18: Internal Standard: Gli
A19: Q1/Q3 Masses: 604.30/411.10 Da
A21: Fit | B21: Linear | C21: Weighting | D21: 1 / (x * x) | E21: Iterate | F21: No
A22: Error | B22: At least 2 points are required to calculate regression.
A23: Use Area
A27: Sample Name | B27: Sample Type | C27: Analyte Concentration (nM) | D27: Dilution Factor | E27: Analyte Peak Area (counts) | F27: IS Peak Area (counts) | G27: Area Ratio | H27: Use Record | I27: Record Modified | J27: Calculated Concentration (nM) | K27: Accuracy (%) | L27: Vial Position | M27: Plate Position | N27: Acquisition Date
A28: wash | B28: Unknown | C28: N/A | D28: 1 | E28: 0 | F28: 0 | G28: #DIV/0! | I28: 0 | J28: #DIV/0! | K28: N/A | L28: 23 | M28: 1 | N28: 2/28/2025 11:47:32 PM
A29: wash | B29: Unknown | C29: N/A | D29: 1 | E29: 0 | F29: 0 | G29: #DIV/0! | I29: 0 | J29: #DIV/0! | K29: N/A | L29: 24 | M29: 1 | N29: 2/28/2025 11:51:00 PM
A30: HW356009-P1_HM-PL_1uM-B1 | B30: Unknown | C30: N/A | D30: 1.11 | E30: 129000 | F30: 1270000 | G30: 0.102 | I30: 0 | J30: 0 | K30: N/A | L30: 1 | M30: 2 | N30: 2/28/2025 11:54:24 PM
A31: HW356009-P1_HM-PL_1uM-B2 | B31: Unknown | C31: N/A | D31: 1.11 | E31: 134000 | F31: 1370000 | G31: 0.0977 | I31: 0 | J31: 0 | K31: N/A | L31: 2 | M31: 2 | N31: 2/28/2025 11:57:48 PM
A32: HW356009-P1_HM-PL_1uM-A1 | B32: Unknown | C32: N/A | D32: 10 | E32: 671000 | F32: 1320000 | G32: 0.507 | I32: 0 | J32: 0 | K32: N/A | L32: 13 | M32: 2 | N32: 3/1/2025 12:01:12 AM
A33: HW356009-P1_HM-PL_1uM-A2 | B33: Unknown | C33: N/A | D33: 10 | E33: 651000 | F33: 1290000 | G33: 0.505 | I33: 0 | J33: 0 | K33: N/A | L33: 14 | M33: 2 | N33: 3/1/2025 12:04:37 AM
A34: HW356009-P1_HM-PL_1uM-S1 | B34: Unknown | C34: N/A | D34: 10 | E34: 707000 | F34: 1330000 | G34: 0.533 | I34: 0 | J34: 0 | K34: N/A | L34: 25 | M34: 2 | N34: 3/1/2025 12:08:00 AM
A35: HW356009-P1_HM-PL_1uM-S2 | B35: Unknown | C35: N/A | D35: 10 | E35: 706000 | F35: 1220000 | G35: 0.58 | I35: 0 | J35: 0 | K35: N/A | L35: 26 | M35: 2 | N35: 3/1/2025 12:11:24 AM
A36: HW356009-P1_HM-PL_1uM-R1 | B36: Unknown | C36: N/A | D36: 10 | E36: 667000 | F36: 1250000 | G36: 0.532 | I36: 0 | J36: 0 | K36: N/A | L36: 37 | M36: 2 | N36: 3/1/2025 12:14:47 AM
A37: HW356009-P1_HM-PL_1uM-R2 | B37: Unknown | C37: N/A | D37: 10 | E37: 719000 | F37: 1300000 | G37: 0.554 | I37: 0 | J37: 0 | K37: N/A | L37: 38 | M37: 2 | N37: 3/1/2025 12:18:11 AM
A38: wash | B38: Unknown | C38: N/A | D38: 1 | E38: 0 | F38: 0 | G38: #DIV/0! | I38: 0 | J38: #DIV/0! | K38: N/A | L38: 23 | M38: 1 | N38: 3/1/2025 12:21:36 AM
A39: wash | B39: Unknown | C39: N/A | D39: 1 | E39: 0 | F39: 0 | G39: #DIV/0! | I39: 0 | J39: #DIV/0! | K39: N/A | L39: 24 | M39: 1 | N39: 3/1/2025 12:25:00 AM
A40: HW356009-P1_MK-PL_1uM-B1 | B40: Unknown | C40: N/A | D40: 1.11 | E40: 145000 | F40: 1260000 | G40: 0.115 | I40: 0 | J40: 0 | K40: N/A | L40: 3 | M40: 2 | N40: 3/1/2025 12:28:25 AM
A41: HW356009-P1_MK-PL_1uM-B2 | B41: Unknown | C41: N/A | D41: 1.11 | E41: 154000 | F41: 1290000 | G41: 0.119 | I41: 0 | J41: 0 | K41: N/A | L41: 4 | M41: 2 | N41: 3/1/2025 12:31:47 AM
A42: HW356009-P1_MK-PL_1uM-A1 | B42: Unknown | C42: N/A | D42: 10 | E42: 704000 | F42: 1270000 | G42: 0.556 | I42: 0 | J42: 0 | K42: N/A | L42: 15 | M42: 2 | N42: 3/1/2025 12:35:14 AM
A43: HW356009-P1_MK-PL_1uM-A2 | B43: Unknown | C43: N/A | D43: 10 | E43: 816000 | F43: 1370000 | G43: 0.595 | I43: 0 | J43: 0 | K43: N/A | L43: 16 | M43: 2 | N43: 3/1/2025 12:38:39 AM
A44: HW356009-P1_MK-PL_1uM-S1 | B44: Unknown | C44: N/A | D44: 10 | E44: 791000 | F44: 1300000 | G44: 0.608 | I44: 0 | J44: 0 | K44: N/A | L44: 27 | M44: 2 | N44: 3/1/2025 12:42:03 AM
A45: HW356009-P1_MK-PL_1uM-S2 | B45: Unknown | C45: N/A | D45: 10 | E45: 770000 | F45: 1250000 | G45: 0.614 | I45: 0 | J45: 0 | K45: N/A | L45: 28 | M45: 2 | N45: 3/1/2025 12:45:27 AM
A46: HW356009-P1_MK-PL_1uM-R1 | B46: Unknown | C46: N/A | D46: 10 | E46: 755000 | F46: 1320000 | G46: 0.571 | I46: 0 | J46: 0 | K46: N/A | L46: 39 | M46: 2 | N46: 3/1/2025 12:48:51 AM
A47: HW356009-P1_MK-PL_1uM-R2 | B47: Unknown | C47: N/A | D47: 10 | E47: 762000 | F47: 1280000 | G47: 0.596 | I47: 0 | J47: 0 | K47: N/A | L47: 40 | M47: 2 | N47: 3/1/2025 12:52:15 AM
A48: wash | B48: Unknown | C48: N/A | D48: 1 | E48: 0 | F48: 0 | G48: #DIV/0! | I48: 0 | J48: #DIV/0! | K48: N/A | L48: 23 | M48: 1 | N48: 3/1/2025 12:55:40 AM
A49: wash | B49: Unknown | C49: N/A | D49: 1 | E49: 0 | F49: 0 | G49: #DIV/0! | I49: 0 | J49: #DIV/0! | K49: N/A | L49: 24 | M49: 1 | N49: 3/1/2025 12:59:05 AM
A50: HW356009-P1_BD-PL_1uM-B1 | B50: Unknown | C50: N/A | D50: 1.11 | E50: 144000 | F50: 1280000 | G50: 0.112 | I50: 0 | J50: 0 | K50: N/A | L50: 5 | M50: 2 | N50: 3/1/2025 1:02:27 AM
A51: HW356009-P1_BD-PL_1uM-B2 | B51: Unknown | C51: N/A | D51: 1.11 | E51: 158000 | F51: 1340000 | G51: 0.117 | I51: 0 | J51: 0 | K51: N/A | L51: 6 | M51: 2 | N51: 3/1/2025 1:05:51 AM
A52: HW356009-P1_BD-PL_1uM-A1 | B52: Unknown | C52: N/A | D52: 10 | E52: 754000 | F52: 1360000 | G52: 0.556 | I52: 0 | J52: 0 | K52: N/A | L52: 17 | M52: 2 | N52: 3/1/2025 1:09:15 AM
A53: HW356009-P1_BD-PL_1uM-A2 | B53: Unknown | C53: N/A | D53: 10 | E53: 779000 | F53: 1370000 | G53: 0.57 | I53: 0 | J53: 0 | K53: N/A | L53: 18 | M53: 2 | N53: 3/1/2025 1:12:39 AM
A54: HW356009-P1_BD-PL_1uM-S1 | B54: Unknown | C54: N/A | D54: 10 | E54: 797000 | F54: 1370000 | G54: 0.58 | I54: 0 | J54: 0 | K54: N/A | L54: 29 | M54: 2 | N54: 3/1/2025 1:16:03 AM
A55: HW356009-P1_BD-PL_1uM-S2 | B55: Unknown | C55: N/A | D55: 10 | E55: 779000 | F55: 1350000 | G55: 0.577 | I55: 0 | J55: 0 | K55: N/A | L55: 30 | M55: 2 | N55: 3/1/2025 1:19:27 AM
A56: HW356009-P1_BD-PL_1uM-R1 | B56: Unknown | C56: N/A | D56: 10 | E56: 777000 | F56: 1320000 | G56: 0.587 | I56: 0 | J56: 0 | K56: N/A | L56: 41 | M56: 2 | N56: 3/1/2025 1:22:51 AM
A57: HW356009-P1_BD-PL_1uM-R2 | B57: Unknown | C57: N/A | D57: 10 | E57: 765000 | F57: 1320000 | G57: 0.577 | I57: 0 | J57: 0 | K57: N/A | L57: 42 | M57: 2 | N57: 3/1/2025 1:26:15 AM
A58: wash | B58: Unknown | C58: N/A | D58: 1 | E58: 0 | F58: 0 | G58: #DIV/0! | I58: 0 | J58: #DIV/0! | K58: N/A | L58: 23 | M58: 1 | N58: 3/1/2025 1:29:39 AM
A59: wash | B59: Unknown | C59: N/A | D59: 1 | E59: 0 | F59: 0 | G59: #DIV/0! | I59: 0 | J59: #DIV/0! | K59: N/A | L59: 24 | M59: 1 | N59: 3/1/2025 1:33:03 AM
A60: HW356009-P1_SR-PL_1uM-B1 | B60: Unknown | C60: N/A | D60: 1.11 | E60: 216000 | F60: 1330000 | G60: 0.162 | I60: 0 | J60: 0 | K60: N/A | L60: 7 | M60: 2 | N60: 3/1/2025 1:36:28 AM
A61: HW356009-P1_SR-PL_1uM-B2 | B61: Unknown | C61: N/A | D61: 1.11 | E61: 213000 | F61: 1320000 | G61: 0.162 | I61: 0 | J61: 0 | K61: N/A | L61: 8 | M61: 2 | N61: 3/1/2025 1:39:53 AM
A62: HW356009-P1_SR-PL_1uM-A1 | B62: Unknown | C62: N/A | D62: 10 | E62: 691000 | F62: 1340000 | G62: 0.515 | I62: 0 | J62: 0 | K62: N/A | L62: 19 | M62: 2 | N62: 3/1/2025 1:43:18 AM
A63: HW356009-P1_SR-PL_1uM-A2 | B63: Unknown | C63: N/A | D63: 10 | E63: 721000 | F63: 1270000 | G63: 0.568 | I63: 0 | J63: 0 | K63: N/A | L63: 20 | M63: 2 | N63: 3/1/2025 1:46:39 AM
A64: HW356009-P1_SR-PL_1uM-S1 | B64: Unknown | C64: N/A | D64: 10 | E64: 784000 | F64: 1310000 | G64: 0.597 | I64: 0 | J64: 0 | K64: N/A | L64: 31 | M64: 2 | N64: 3/1/2025 1:50:03 AM
A65: HW356009-P1_SR-PL_1uM-S2 | B65: Unknown | C65: N/A | D65: 10 | E65: 758000 | F65: 1360000 | G65: 0.556 | I65: 0 | J65: 0 | K65: N/A | L65: 32 | M65: 2 | N65: 3/1/2025 1:53:27 AM
A66: HW356009-P1_SR-PL_1uM-R1 | B66: Unknown | C66: N/A | D66: 10 | E66: 695000 | F66: 1200000 | G66: 0.577 | I66: 0 | J66: 0 | K66: N/A | L66: 43 | M66: 2 | N66: 3/1/2025 1:56:51 AM
A67: HW356009-P1_SR-PL_1uM-R2 | B67: Unknown | C67: N/A | D67: 10 | E67: 730000 | F67: 1270000 | G67: 0.574 | I67: 0 | J67: 0 | K67: N/A | L67: 44 | M67: 2 | N67: 3/1/2025 2:00:16 AM
A68: wash | B68: Unknown | C68: N/A | D68: 1 | E68: 0 | F68: 0 | G68: #DIV/0! | I68: 0 | J68: #DIV/0! | K68: N/A | L68: 23 | M68: 1 | N68: 3/1/2025 2:03:39 AM
A69: wash | B69: Unknown | C69: N/A | D69: 1 | E69: 0 | F69: 0 | G69: #DIV/0! | I69: 0 | J69: #DIV/0! | K69: N/A | L69: 24 | M69: 1 | N69: 3/1/2025 2:07:03 AM
A70: HW356009-P1_MU-PL_1uM-B1 | B70: Unknown | C70: N/A | D70: 1.11 | E70: 174000 | F70: 1310000 | G70: 0.133 | I70: 0 | J70: 0 | K70: N/A | L70: 9 | M70: 2 | N70: 3/1/2025 2:10:27 AM
A71: HW356009-P1_MU-PL_1uM-B2 | B71: Unknown | C71: N/A | D71: 1.11 | E71: 172000 | F71: 1280000 | G71: 0.134 | I71: 0 | J71: 0 | K71: N/A | L71: 10 | M71: 2 | N71: 3/1/2025 2:13:51 AM
A72: HW356009-P1_MU-PL_1uM-A1 | B72: Unknown | C72: N/A | D72: 10 | E72: 715000 | F72: 1320000 | G72: 0.541 | I72: 0 | J72: 0 | K72: N/A | L72: 21 | M72: 2 | N72: 3/1/2025 2:17:15 AM
A73: HW356009-P1_MU-PL_1uM-A2 | B73: Unknown | C73: N/A | D73: 10 | E73: 715000 | F73: 1300000 | G73: 0.549 | I73: 0 | J73: 0 | K73: N/A | L73: 22 | M73: 2 | N73: 3/1/2025 2:20:39 AM
A74: HW356009-P1_MU-PL_1uM-S1 | B74: Unknown | C74: N/A | D74: 10 | E74: 758000 | F74: 1310000 | G74: 0.578 | I74: 0 | J74: 0 | K74: N/A | L74: 33 | M74: 2 | N74: 3/1/2025 2:24:04 AM
A75: HW356009-P1_MU-PL_1uM-S2 | B75: Unknown | C75: N/A | D75: 10 | E75: 742000 | F75: 1290000 | G75: 0.573 | I75: 0 | J75: 0 | K75: N/A | L75: 34 | M75: 2 | N75: 3/1/2025 2:27:29 AM
A76: HW356009-P1_MU-PL_1uM-R1 | B76: Unknown | C76: N/A | D76: 10 | E76: 756000 | F76: 1270000 | G76: 0.597 | I76: 0 | J76: 0 | K76: N/A | L76: 45 | M76: 2 | N76: 3/1/2025 2:30:53 AM
A77: HW356009-P1_MU-PL_1uM-R2 | B77: Unknown | C77: N/A | D77: 10 | E77: 760000 | F77: 1310000 | G77: 0.58 | I77: 0 | J77: 0 | K77: N/A | L77: 46 | M77: 2 | N77: 3/1/2025 2:34:19 AM
A79: Warfarin
A80: Peak Name: Ver
A81: Use as Internal Standard
A82: Q1/Q3 Masses: 455.10/165.10 Da
A83: Peak Name: Gli
A84: Use as Internal Standard
A85: Q1/Q3 Masses: 494.20/169.10 Da
A87: Peak Name: Warfarin-Ver
A88: Internal Standard: Ver
A89: Q1/Q3 Masses: 309.00/163.10 Da
A91: Fit | B91: Linear | C91: Weighting | D91: 1 / (x * x) | E91: Iterate | F91: No
A92: Error | B92: At least 2 points are required to calculate regression.
A93: Use Area
A95: Peak Name: Warfarin-Gli
A96: Internal Standard: Gli
A97: Q1/Q3 Masses: 309.00/163.10 Da
A99: Fit | B99: Linear | C99: Weighting | D99: 1 / (x * x) | E99: Iterate | F99: No
A100: Error | B100: At least 2 points are required to calculate regression.
A101: Use Area
A105: Sample Name | B105: Sample Type | C105: Analyte Concentration (nM) | D105: Dilution Factor | E105: Analyte Peak Area (counts) | F105: IS Peak Area (counts) | G105: Area Ratio | H105: Use Record | I105: Record Modified | J105: Calculated Concentration (nM) | K105: Accuracy (%) | L105: Vial Position | M105: Plate Position | N105: Acquisition Date
A106: wash | B106: Unknown | C106: N/A | D106: 1 | E106: 0 | F106: 0 | G106: #DIV/0! | I106: 0 | J106: #DIV/0! | K106: N/A | L106: 11 | M106: 1 | N106: 2/28/2025 7:09:21 PM
A107: wash | B107: Unknown | C107: N/A | D107: 1 | E107: 0 | F107: 0 | G107: #DIV/0! | I107: 0 | J107: #DIV/0! | K107: N/A | L107: 12 | M107: 1 | N107: 2/28/2025 7:12:47 PM
A108: Warfarin_HM-PL_5uM-B1 | B108: Unknown | C108: N/A | D108: 2 | E108: 6230 | F108: 172000 | G108: 0.0362 | I108: 0 | J108: 0 | K108: N/A | L108: 1 | M108: 1 | N108: 2/28/2025 7:16:10 PM
A109: Warfarin_HM-PL_5uM-B2 | B109: Unknown | C109: N/A | D109: 2 | E109: 6040 | F109: 169000 | G109: 0.0358 | I109: 0 | J109: 0 | K109: N/A | L109: 6 | M109: 1 | N109: 2/28/2025 7:19:35 PM
A110: Warfarin_HM-PL_5uM-A1 | B110: Unknown | C110: N/A | D110: 2 | E110: 1390000 | F110: 177000 | G110: 7.86 | I110: 0 | J110: 0 | K110: N/A | L110: 13 | M110: 1 | N110: 2/28/2025 7:22:58 PM
A111: Warfarin_HM-PL_5uM-A2 | B111: Unknown | C111: N/A | D111: 2 | E111: 1350000 | F111: 169000 | G111: 7.98 | I111: 0 | J111: 0 | K111: N/A | L111: 18 | M111: 1 | N111: 2/28/2025 7:26:21 PM
A112: Warfarin_HM-PL_5uM-R1 | B112: Unknown | C112: N/A | D112: 2 | E112: 1450000 | F112: 161000 | G112: 9 | I112: 0 | J112: 0 | K112: N/A | L112: 25 | M112: 1 | N112: 2/28/2025 7:29:44 PM
A113: Warfarin_HM-PL_5uM-R2 | B113: Unknown | C113: N/A | D113: 2 | E113: 1410000 | F113: 159000 | G113: 8.87 | I113: 0 | J113: 0 | K113: N/A | L113: 30 | M113: 1 | N113: 2/28/2025 7:33:09 PM
A114: wash | B114: Unknown | C114: N/A | D114: 1 | E114: 0 | F114: 1090 | G114: 0 | I114: 0 | J114: No Peak | K114: N/A | L114: 11 | M114: 1 | N114: 2/28/2025 7:36:33 PM
A115: wash | B115: Unknown | C115: N/A | D115: 1 | E115: 0 | F115: 0 | G115: #DIV/0! | I115: 0 | J115: #DIV/0! | K115: N/A | L115: 12 | M115: 1 | N115: 2/28/2025 7:39:54 PM
...

Sheet Experimental detail
B1: Incubation Details
B3: Test Compound | C3: =Summary!A2 -> HW356009-P1 | D3: NJTQCXA03293, NJTQCXA03295, NJTQCXA03298, NJTQCXA03300, NJTQCXA03003, NJTQCXA03244 and NJTQCXA03290 | E3: NJTQCXA03293, NJTQCXA03295, NJTQCXA03298, NJTQCXA03300, NJTQCXA03003, NJTQCXA03244 and NJTQCXA03290 | F3: NJTQCXA03293, NJTQCXA03295, NJTQCXA03298, NJTQCXA03300, NJTQCXA03003, NJTQCXA03244 and NJTQCXA03290 | G3: NJTQCXA03293, NJTQCXA03295, NJTQCXA03298, NJTQCXA03300, NJTQCXA03003, NJTQCXA03244 and NJTQCXA03290 | H3: NJTQCXA03293, NJTQCXA03295, NJTQCXA03298, NJTQCXA03300, NJTQCXA03003, NJTQCXA03244 and NJTQCXA03290 | I3: NJTQCXA03293, NJTQCXA03295, NJTQCXA03298, NJTQCXA03300, NJTQCXA03003, NJTQCXA03244 and NJTQCXA03290
B4: Positive Control Compound | C4: Warfarin and Acetaminophen
B5: Matrix | C5: Pooled human, Monkey, Dog, Rat and Mouse plasma (Anticoagulant EDTA-K2) (3D); Phosphate buffer (100 mM, pH 7.4)
B6: Target Conc. Level | C6: 1 | D6: μM
B7: Device | C7: HTD 96-well dialysis device (HTDialysis, Gales Ferry, CT, USA)
B8: Incubation Condition | C8: 6 h, 37 °C, 80 rpm
B10: Analytical Method
B11: Instrument | C11: Qtrap 5500: LC-MS/MS-011
B12: Internal standard(s) | C12: Verapamil or Glibenclamide? | D12: Glibenclamide
B13: MS conditions | C13: ESI: Negative | D13: MRM detection
C14: CAD | D14: Medium
C15: CUR | D15: 20 | E15: psi
C16: GS1 | D16: 50 | E16: psi
C17: GS2 | D17: 50 | E17: psi
C18: IS | D18: 5500 | E18: V
C19: TEM | D19: 500 | E19: °C
C20: EP | D20: 10 | E20: V
B21: Analytes | C21: Q1/Q3 | E21: DP | F21: CE | G21: CXP
B22: =Summary!A2 -> HW356009-P1 | C22: 604.3/411.1 | E22: 65 | F22: 41 | G22: 15
B23: =CONCATENATE("IS (",D12,")") -> IS (Glibenclamide) | C23: 494.2/169.1 | E23: 90 | F23: 40 | G23: 15
B25: HPLC conditions | C25: Agilent ZORBAX XDB-C18, 5 μm, 2.1×50mm（50-459）
C26: Mobile Phase A: H2O (0.1% Formic Acid)
C27: Mobile Phase B: ACN (0.1% Formic Acid)
B28: Binary Gradient | C28: Total Flow: | D28: 500 µL/min
C29: Time (min) | D29: B (%)
C30: 0.5 | D30: 10
C31: 1 | D31: 95
C32: 1.8 | D32: 95
C33: 1.81 | D33: 10
C34: 3 | D34: stop
B37: Stock Solution Preparation | C37: 10 mM in DMSO
B38: Sample Prepration Method | C38: One step protein precipitation.
B39: Precipitant | C39: ACN, with concentration of verapamil (5 ng/mL) and glibenclamide (50 ng/mL)
B40: Samples preparation | C40: At the end of incubation, 10 μL plasma sample was transferred from the donor side (in duplicate), added with 90 μL PB (0.002% Tween-80) and vortexed well. 90 μL of PB (0.002% Tween-80) sample was transferred from the receiver side (in duplicate), added with 10 μL blank plasma and vortexed well. For recovery check, 10 μL of the donor side loading sample was aliquoted into a 1.5 mL microcentrifuge tube (in duplicate), added with 90 μL PB (0.002% Tween-80) and vortexed well. For stability check, 10 μL of the donor side loading sample was aliquoted into a 1.5 mL microcentrifuge tube (in duplicate) at the end of incubation, added with 90 μL PB (0.002% Tween-80) solution and vortexed well.
C41: Aliquots of 100 μL of donor side, receiver side, stability and recovery samples were supplemented with 400 μL of precipitant. After vortexing and centrifugation, 70 uL of supernatant was removed and diluted by 70 uL of water, vortxed well and aliquot of each solution was injected for LC-MS/MS analysis.
