Workbook

Sheet CoverPage
A1: 3D BioOptima Quality That Matters
A2: 实验报告
A3: 实验标题 | B3: HW356060在人、犬、猴、大鼠和小鼠(五种属)肝微粒体代谢稳定性研究（加入二相代谢辅酶）
A4: 实验方案编号 | B4: 3D_PN322805
A5: 课题编号 | B5: 3D_SN322409
A6: 课题负责人 | B6: 杨德孝
A7: 化合物 | B7: =Summary!B10 -> HW356060
A8: 实验开始时间 | B8: 2025 年 03 月 25 日
A9: 实验结束时间 | B9: 2025 年 03 月 27 日
A10: 实验参与人员 | B10: 韩晓逸和蔡鑫鑫
A11: 报告撰写 | B11: 卜乐亮
A12: 数据质控 | B12: 程翠
A13: 实验负责方 | B13: 苏州圣苏新药开发有限公司 苏州市吴中区吴中大道1338号
A14: 实验委托方 | B14: 湖北生物医药产业技术研究院有限公司 武汉市东湖高新区高新大道666号C7栋217室

Sheet Summary
B2: 试剂信息
B3: 试剂 | C3: 品牌 | D3: 货号 | E3: 批号
B4: 人肝微粒体 | C4: BIOIVT | D4: X008070 | E4: IVX
B5: 猴肝微粒体 | C5: RILD | D5: MZYM | E5: MZYM
B6: 犬肝微粒体 | C6: CORNING | D6: 452601 | E6: 1291001
B7: 大鼠肝微粒体 | C7: CORNING | D7: 452501 | E7: 2175001
B8: 小鼠肝微粒体 | C8: CORNING | D8: 452701 | E8: 1237001
B9: NADPH | C9: REGAL | D9: 44332900-Y | E9: 050201
B10: HW356060 | C10: 湖北生物医药产业技术研究院有限公司 | D10: NA | E10: HWH817-YBC-035-4-38-1
D11: NA
B14: 孵育体系
B15: 肝微粒体 | C15: 0.5 mg/mL（受试化合物） 0.2 mg/mL（咪达唑仑，7-HC）
B16: 孵育缓冲液 | C16: 磷酸缓冲液 (100 mM，pH 7.4)
B17: 受试物 | C17: 1 µM
B18: 孵育体积 | C18: 0.2 mL（受试化合物） 0.1 mL（咪达唑仑，7-HC）
B19: 孵育时间 | C19: 0、5、15、30、60 min (受试化合物) 0、5、20 min（咪达唑仑，7-HC）
B20: MgCl2 | C20: 3 mM
B21: NADPH | C21: 1 mM
B22: 平行试验 | C22: 平行2份
B25: Summary
B26: 化合物 | C26: 种属 | D26: k (1/min) | E26: T1/2 (min) | F26: CLint, microsome (µL/min/mg proteins) | G26: CLint, in vivo (mL/min/kg)
B27: =B10 -> HW356060 | C27: Human | D27: ='HW356060'!D19 -> 0.00055753774 | E27: ='HW356060'!E19 -> 1504.1025 | F27: ='HW356060'!F19 -> 1.1150755 | G27: =IFERROR(F27*VLOOKUP($C27,$B$54:$F$60,4,0)*VLOOKUP($C27,$B$54:$F$60,5,0)/1000,"NA") -> 1.0537463
C28: Monkey | D28: ='HW356060'!D38 -> NA | E28: ='HW356060'!E38 -> NA | F28: ='HW356060'!F38 -> NA | G28: =IFERROR(F28*VLOOKUP($C28,$B$54:$F$60,4,0)*VLOOKUP($C28,$B$54:$F$60,5,0)/1000,"NA") -> NA
C29: Dog | D29: ='HW356060'!D57 -> NA | E29: ='HW356060'!E57 -> NA | F29: ='HW356060'!F57 -> NA | G29: =IFERROR(F29*VLOOKUP($C29,$B$54:$F$60,4,0)*VLOOKUP($C29,$B$54:$F$60,5,0)/1000,"NA") -> NA
C30: Rat | D30: ='HW356060'!D76 -> NA | E30: ='HW356060'!E76 -> NA | F30: ='HW356060'!F76 -> NA | G30: =IFERROR(F30*VLOOKUP($C30,$B$54:$F$60,4,0)*VLOOKUP($C30,$B$54:$F$60,5,0)/1000,"NA") -> NA
C31: Mouse | D31: ='HW356060'!D96 -> 0.00090213852 | E31: ='HW356060'!E96 -> 768.17472 | F31: ='HW356060'!F96 -> 1.804277 | G31: =IFERROR(F31*VLOOKUP($C31,$B$54:$F$60,4,0)*VLOOKUP($C31,$B$54:$F$60,5,0)/1000,"NA") -> 7.1043408
B32: Midazolam | C32: Human | D32: =Midazolam!D15 -> 0.090710164 | E32: =Midazolam!E15 -> 7.6398474 | F32: =Midazolam!F15 -> 453.55082 | G32: =F32*VLOOKUP($C32,$B$54:$F$60,4,0)*VLOOKUP($C32,$B$54:$F$60,5,0)/1000 -> 428.60552
C33: Monkey | D33: =Midazolam!D30 -> 0.13685071 | E33: =Midazolam!E30 -> 5.0639141 | F33: =Midazolam!F30 -> 684.25353 | G33: =F33*VLOOKUP($C33,$B$54:$F$60,4,0)*VLOOKUP($C33,$B$54:$F$60,5,0)/1000 -> 985.32508
C34: Dog | D34: =Midazolam!D45 -> 0.14782409 | E34: =Midazolam!E45 -> 4.6881135 | F34: =Midazolam!F45 -> 739.12043 | G34: =F34*VLOOKUP($C34,$B$54:$F$60,4,0)*VLOOKUP($C34,$B$54:$F$60,5,0)/1000 -> 1064.3334
C35: Rat | D35: =Midazolam!D60 -> 0.095423121 | E35: =Midazolam!E60 -> 7.2669698 | F35: =Midazolam!F60 -> 477.11561 | G35: =F35*VLOOKUP($C35,$B$54:$F$60,4,0)*VLOOKUP($C35,$B$54:$F$60,5,0)/1000 -> 858.80809
C36: Mouse | D36: =Midazolam!D75 -> 0.30578362 | E36: =Midazolam!E75 -> 2.2674421 | F36: =Midazolam!F75 -> 1528.9181 | G36: =F36*VLOOKUP($C36,$B$54:$F$60,4,0)*VLOOKUP($C36,$B$54:$F$60,5,0)/1000 -> 6020.1149
B37: 7-HC | C37: Human | D37: ='7-HC'!D15 -> 0.043827744 | E37: ='7-HC'!E15 -> 16.004496 | F37: ='7-HC'!F15 -> 219.13872 | G37: =F37*VLOOKUP($C37,$B$54:$F$60,4,0)*VLOOKUP($C37,$B$54:$F$60,5,0)/1000 -> 207.08609
C38: Monkey | D38: ='7-HC'!D30 -> 0.027622221 | E38: ='7-HC'!E30 -> 25.334907 | F38: ='7-HC'!F30 -> 138.1111 | G38: =F38*VLOOKUP($C38,$B$54:$F$60,4,0)*VLOOKUP($C38,$B$54:$F$60,5,0)/1000 -> 198.87999
C39: Dog | D39: ='7-HC'!D45 -> 0.039934367 | E39: ='7-HC'!E45 -> 17.41495 | F39: ='7-HC'!F45 -> 199.67184 | G39: =F39*VLOOKUP($C39,$B$54:$F$60,4,0)*VLOOKUP($C39,$B$54:$F$60,5,0)/1000 -> 287.52745
C40: Rat | D40: ='7-HC'!D60 -> 0.034704832 | E40: ='7-HC'!E60 -> 19.968401 | F40: ='7-HC'!F60 -> 173.52416 | G40: =F40*VLOOKUP($C40,$B$54:$F$60,4,0)*VLOOKUP($C40,$B$54:$F$60,5,0)/1000 -> 312.34349
C41: Mouse | D41: ='7-HC'!D75 -> 0.087695038 | E41: ='7-HC'!E75 -> 7.9063829 | F41: ='7-HC'!F75 -> 438.47519 | G41: =F41*VLOOKUP($C41,$B$54:$F$60,4,0)*VLOOKUP($C41,$B$54:$F$60,5,0)/1000 -> 1726.4961
B43: Drug elimination rate constant k (1/min), elimination half-life T1/2 (min), and in vitro intrinsic clearance CLint, in vitro (µL/min/mg protein) were calculated according to the following equations: k = - slope T1/2 = 0.693/k CLint, in vitro = k/Cprotein where Cprotein (mg/mL) is the microsomal protein concentration in the incubation system.
B50: CLint, in vivo = CLint, in vitro (mL/min/mg microsomal protein) × Scaling factor (physiological parameter) = CLint, in vitro (mL/min/mg microsomal protein) × Microsomal protein (mg protein/g liver) × Liver weight (g liver/kg body weight)
B51: CLint, in vivo is the intrinsic hepatic clearance, CLint, in vitro is the intrinsic clearance in LMs.
B54: Species | C54: Body Weight | D54: Qh | E54: Microsomes Protein | F54: Liver Weight
C55: (kg) | D55: mL/min/kg | E55: mg protein/g liver | F55: g liver/kg
B56: Mouse | C56: 0.02 | D56: 90 | E56: 45 | F56: 87.5
B57: Rat | C57: 0.25 | D57: 70 | E57: 45 | F57: 40
B58: Monkey | C58: 3.5 | D58: 44 | E58: 45 | F58: 32
B59: Dog | C59: 12.5 | D59: 40 | E59: 45 | F59: 32
B60: Human | C60: 70 | D60: 20 | E60: 45 | F60: 21
B61: Natilie A. Hosea (2009), and Davies and Morris (1993).

Sheet HW356060
B2: =CONCATENATE(Summary!$B$10,"在人肝微粒体中的代谢稳定性评估") -> HW356060在人肝微粒体中的代谢稳定性评估
B3: 样品 | D3: 孵育时间 (min) | E3: 峰面积比值 | F3: 平均值 | G3: 原药剩余量% | H3: Ln (原药剩余量%) | J3: 平均值
H4: #1 | I4: #2
B5: =B2 -> HW356060在人肝微粒体中的代谢稳定性评估 | C5: HW356060_HM-LM_60min-1 | D5: 60 | E5: =VLOOKUP($C5,'Raw Data'!$A$1:$S$2198,7,0) -> 1.01 | F5: =AVERAGE(E5:E6) -> 1.03 | G5: =E5/E13*100 -> 97.115385 | H5: =LN(G5) -> 4.5758998 | I5: =LN(G6) -> 4.5496003 | J5: =AVERAGE(H5:I6) -> 4.5627501
C6: HW356060_HM-LM_60min-2 | E6: =VLOOKUP($C6,'Raw Data'!$A$1:$S$2198,7,0) -> 1.05 | G6: =E6/E14*100 -> 94.594595
C7: HW356060_HM-LM_30min-1 | D7: 30 | E7: =VLOOKUP($C7,'Raw Data'!$A$1:$S$2198,7,0) -> 1.09 | F7: =AVERAGE(E7:E8) -> 1.045 | G7: =E7/E13*100 -> 104.80769 | H7: =LN(G7) -> 4.6521272 | I7: =LN(G8) -> 4.5008102 | J7: =AVERAGE(H7:I8) -> 4.5764687
C8: HW356060_HM-LM_30min-2 | E8: =VLOOKUP($C8,'Raw Data'!$A$1:$S$2198,7,0) -> 1 | G8: =E8/E14*100 -> 90.09009
C9: HW356060_HM-LM_15min-1 | D9: 15 | E9: =VLOOKUP($C9,'Raw Data'!$A$1:$S$2198,7,0) -> 1.12 | F9: =AVERAGE(E9:E10) -> 1.09 | G9: =E9/E13*100 -> 107.69231 | H9: =LN(G9) -> 4.6792782 | I9: =LN(G10) -> 4.5590791 | J9: =AVERAGE(H9:I10) -> 4.6191786
C10: HW356060_HM-LM_15min-2 | E10: =VLOOKUP($C10,'Raw Data'!$A$1:$S$2198,7,0) -> 1.06 | G10: =E10/E14*100 -> 95.495495
C11: HW356060_HM-LM_5min-1 | D11: 5 | E11: =VLOOKUP($C11,'Raw Data'!$A$1:$S$2198,7,0) -> 1.01 | F11: =AVERAGE(E11:E12) -> 1.035 | G11: =E11/E13*100 -> 97.115385 | H11: =LN(G11) -> 4.5758998 | I11: =LN(G12) -> 4.5590791 | J11: =AVERAGE(H11:I12) -> 4.5674894
C12: HW356060_HM-LM_5min-2 | E12: =VLOOKUP($C12,'Raw Data'!$A$1:$S$2198,7,0) -> 1.06 | G12: =E12/E14*100 -> 95.495495
C13: HW356060_HM-LM_0min-1 | D13: 0 | E13: =VLOOKUP($C13,'Raw Data'!$A$1:$S$2198,7,0) -> 1.04 | F13: =AVERAGE(E13:E14) -> 1.075 | G13: =E13/E13*100 -> 100 | H13: =LN(G13) -> 4.6051702 | I13: =LN(G14) -> 4.6051702 | J13: =AVERAGE(H13:I14) -> 4.6051702
C14: HW356060_HM-LM_0min-2 | E14: =VLOOKUP($C14,'Raw Data'!$A$1:$S$2198,7,0) -> 1.11 | G14: =E14/E14*100 -> 100
B15: 概要 | D15: =B5 -> HW356060在人肝微粒体中的代谢稳定性评估
D16: k (1/min) | E16: T1/2 (min) | F16: CLint, microsome (µL/min/mg proteins)
B17: #1 | D17: =IF(-SLOPE(H5:H14,D5:D14)<0,"NA",-SLOPE(H5:H14,D5:D14)) -> 0.0003252266 | E17: =IFERROR(0.693/D17,"NA") -> 2130.822 | F17: =IFERROR(D17/0.5*1000,"NA") -> 0.65045319
B18: #2 | D18: =IF(-SLOPE(I5:I14,D5:D14)<0,"NA",-SLOPE(I5:I14,D5:D14)) -> 0.00078984888 | E18: =IFERROR(0.693/D18,"NA") -> 877.38302 | F18: =IFERROR(D18/0.5*1000,"NA") -> 1.5796978
B19: 平均值 | D19: =IFERROR(AVERAGE(D17:D18),"NA") -> 0.00055753774 | E19: =IFERROR(AVERAGE(E17:E18),"NA") -> 1504.1025 | F19: =IFERROR(AVERAGE(F17:F18),"NA") -> 1.1150755
B21: =CONCATENATE(Summary!$B$10,"在猴肝微粒体中的代谢稳定性评估") -> HW356060在猴肝微粒体中的代谢稳定性评估
B22: 样品 | D22: 孵育时间 (min) | E22: 峰面积比值 | F22: 平均值 | G22: 原药剩余量% | H22: Ln (原药剩余量%) | J22: 平均值
H23: #1 | I23: #2
B24: =B21 -> HW356060在猴肝微粒体中的代谢稳定性评估 | C24: HW356060_MK-LM_60min-1 | D24: 60 | E24: =VLOOKUP($C24,'Raw Data'!$A$1:$S$2198,7,0) -> 1.18 | F24: =AVERAGE(E24:E25) -> 1.15 | G24: =E24/E32*100 -> 112.38095 | H24: =LN(G24) -> 4.7218945 | I24: =LN(G25) -> 4.7085485 | J24: =AVERAGE(H24:I25) -> 4.7152215
C25: HW356060_MK-LM_60min-2 | E25: =VLOOKUP($C25,'Raw Data'!$A$1:$S$2198,7,0) -> 1.12 | G25: =E25/E33*100 -> 110.89109
C26: HW356060_MK-LM_30min-1 | D26: 30 | E26: =VLOOKUP($C26,'Raw Data'!$A$1:$S$2198,7,0) -> 1.08 | F26: =AVERAGE(E26:E27) -> 1.045 | G26: =E26/E32*100 -> 102.85714 | H26: =LN(G26) -> 4.6333411 | I26: =LN(G27) -> 4.6051702 | J26: =AVERAGE(H26:I27) -> 4.6192556
C27: HW356060_MK-LM_30min-2 | E27: =VLOOKUP($C27,'Raw Data'!$A$1:$S$2198,7,0) -> 1.01 | G27: =E27/E33*100 -> 100
C28: HW356060_MK-LM_15min-1 | D28: 15 | E28: =VLOOKUP($C28,'Raw Data'!$A$1:$S$2198,7,0) -> 1.12 | F28: =AVERAGE(E28:E29) -> 1.11 | G28: =E28/E32*100 -> 106.66667 | H28: =LN(G28) -> 4.6697087 | I28: =LN(G29) -> 4.69053 | J28: =AVERAGE(H28:I29) -> 4.6801194
C29: HW356060_MK-LM_15min-2 | E29: =VLOOKUP($C29,'Raw Data'!$A$1:$S$2198,7,0) -> 1.1 | G29: =E29/E33*100 -> 108.91089
C30: HW356060_MK-LM_5min-1 | D30: 5 | E30: =VLOOKUP($C30,'Raw Data'!$A$1:$S$2198,7,0) -> 1.04 | F30: =AVERAGE(E30:E31) -> 1.04 | G30: =E30/E32*100 -> 99.047619 | H30: =LN(G30) -> 4.5956007 | I30: =LN(G31) -> 4.6344406 | J30: =AVERAGE(H30:I31) -> 4.6150207
C31: HW356060_MK-LM_5min-2 | E31: =VLOOKUP($C31,'Raw Data'!$A$1:$S$2198,7,0) -> 1.04 | G31: =E31/E33*100 -> 102.9703
C32: HW356060_MK-LM_0min-1 | D32: 0 | E32: =VLOOKUP($C32,'Raw Data'!$A$1:$S$2198,7,0) -> 1.05 | F32: =AVERAGE(E32:E33) -> 1.03 | G32: =E32/E32*100 -> 100 | H32: =LN(G32) -> 4.6051702 | I32: =LN(G33) -> 4.6051702 | J32: =AVERAGE(H32:I33) -> 4.6051702
C33: HW356060_MK-LM_0min-2 | E33: =VLOOKUP($C33,'Raw Data'!$A$1:$S$2198,7,0) -> 1.01 | G33: =E33/E33*100 -> 100
B34: 概要 | D34: =B24 -> HW356060在猴肝微粒体中的代谢稳定性评估
D35: k (1/min) | E35: T1/2 (min) | F35: CLint, microsome (µL/min/mg proteins)
B36: #1 | D36: =IF(-SLOPE(H24:H33,D24:D33)<0,"NA",-SLOPE(H24:H33,D24:D33)) -> NA | E36: =IFERROR(0.693/D36,"NA") -> NA | F36: =IFERROR(D36/0.5*1000,"NA") -> NA
B37: #2 | D37: =IF(-SLOPE(I24:I33,D24:D33)<0,"NA",-SLOPE(I24:I33,D24:D33)) -> NA | E37: =IFERROR(0.693/D37,"NA") -> NA | F37: =IFERROR(D37/0.5*1000,"NA") -> NA
B38: 平均值 | D38: =IFERROR(AVERAGE(D36:D37),"NA") -> NA | E38: =IFERROR(AVERAGE(E36:E37),"NA") -> NA | F38: =IFERROR(AVERAGE(F36:F37),"NA") -> NA
B40: =CONCATENATE(Summary!$B$10,"在犬肝微粒体中的代谢稳定性评估") -> HW356060在犬肝微粒体中的代谢稳定性评估
B41: 样品 | D41: 孵育时间 (min) | E41: 峰面积比值 | F41: 平均值 | G41: 原药剩余量% | H41: Ln (原药剩余量%) | J41: 平均值
H42: #1 | I42: #2
B43: =B40 -> HW356060在犬肝微粒体中的代谢稳定性评估 | C43: HW356060_BD-LM_60min-1 | D43: 60 | E43: =VLOOKUP($C43,'Raw Data'!$A$1:$S$2198,7,0) -> 1.26 | F43: =AVERAGE(E43:E44) -> 1.275 | G43: =E43/E51*100 -> 100 | H43: =LN(G43) -> 4.6051702 | I43: =LN(G44) -> 4.7113924 | J43: =AVERAGE(H43:I44) -> 4.6582813
C44: HW356060_BD-LM_60min-2 | E44: =VLOOKUP($C44,'Raw Data'!$A$1:$S$2198,7,0) -> 1.29 | G44: =E44/E52*100 -> 111.2069
C45: HW356060_BD-LM_30min-1 | D45: 30 | E45: =VLOOKUP($C45,'Raw Data'!$A$1:$S$2198,7,0) -> 1.17 | F45: =AVERAGE(E45:E46) -> 1.14 | G45: =E45/E51*100 -> 92.857143 | H45: =LN(G45) -> 4.5310622 | I45: =LN(G46) -> 4.5611102 | J45: =AVERAGE(H45:I46) -> 4.5460862
C46: HW356060_BD-LM_30min-2 | E46: =VLOOKUP($C46,'Raw Data'!$A$1:$S$2198,7,0) -> 1.11 | G46: =E46/E52*100 -> 95.689655
C47: HW356060_BD-LM_15min-1 | D47: 15 | E47: =VLOOKUP($C47,'Raw Data'!$A$1:$S$2198,7,0) -> 1.22 | F47: =AVERAGE(E47:E48) -> 1.185 | G47: =E47/E51*100 -> 96.825397 | H47: =LN(G47) -> 4.5729093 | I47: =LN(G48) -> 4.5965121 | J47: =AVERAGE(H47:I48) -> 4.5847107
C48: HW356060_BD-LM_15min-2 | E48: =VLOOKUP($C48,'Raw Data'!$A$1:$S$2198,7,0) -> 1.15 | G48: =E48/E52*100 -> 99.137931
C49: HW356060_BD-LM_5min-1 | D49: 5 | E49: =VLOOKUP($C49,'Raw Data'!$A$1:$S$2198,7,0) -> 1.19 | F49: =AVERAGE(E49:E50) -> 1.175 | G49: =E49/E51*100 -> 94.444444 | H49: =LN(G49) -> 4.5480118 | I49: =LN(G50) -> 4.6051702 | J49: =AVERAGE(H49:I50) -> 4.576591
C50: HW356060_BD-LM_5min-2 | E50: =VLOOKUP($C50,'Raw Data'!$A$1:$S$2198,7,0) -> 1.16 | G50: =E50/E52*100 -> 100
C51: HW356060_BD-LM_0min-1 | D51: 0 | E51: =VLOOKUP($C51,'Raw Data'!$A$1:$S$2198,7,0) -> 1.26 | F51: =AVERAGE(E51:E52) -> 1.21 | G51: =E51/E51*100 -> 100 | H51: =LN(G51) -> 4.6051702 | I51: =LN(G52) -> 4.6051702 | J51: =AVERAGE(H51:I52) -> 4.6051702
C52: HW356060_BD-LM_0min-2 | E52: =VLOOKUP($C52,'Raw Data'!$A$1:$S$2198,7,0) -> 1.16 | G52: =E52/E52*100 -> 100
B53: 概要 | D53: =B43 -> HW356060在犬肝微粒体中的代谢稳定性评估
D54: k (1/min) | E54: T1/2 (min) | F54: CLint, microsome (µL/min/mg proteins)
B55: #1 | D55: =IF(-SLOPE(H43:H52,D43:D52)<0,"NA",-SLOPE(H43:H52,D43:D52)) -> NA | E55: =IFERROR(0.693/D55,"NA") -> NA | F55: =IFERROR(D55/0.5*1000,"NA") -> NA
B56: #2 | D56: =IF(-SLOPE(I43:I52,D43:D52)<0,"NA",-SLOPE(I43:I52,D43:D52)) -> NA | E56: =IFERROR(0.693/D56,"NA") -> NA | F56: =IFERROR(D56/0.5*1000,"NA") -> NA
B57: 平均值 | D57: =IFERROR(AVERAGE(D55:D56),"NA") -> NA | E57: =IFERROR(AVERAGE(E55:E56),"NA") -> NA | F57: =IFERROR(AVERAGE(F55:F56),"NA") -> NA
B59: =CONCATENATE(Summary!$B$10,"在大鼠肝微粒体中的代谢稳定性评估") -> HW356060在大鼠肝微粒体中的代谢稳定性评估
B60: 样品 | D60: 孵育时间 (min) | E60: 峰面积比值 | F60: 平均值 | G60: 原药剩余量% | H60: Ln (原药剩余量%) | J60: 平均值
H61: #1 | I61: #2
B62: =B59 -> HW356060在大鼠肝微粒体中的代谢稳定性评估 | C62: HW356060_SR-LM_60min-1 | D62: 60 | E62: =VLOOKUP($C62,'Raw Data'!$A$1:$S$2198,7,0) -> 1.26 | F62: =AVERAGE(E62:E63) -> 1.275 | G62: =E62/E70*100 -> 102.43902 | H62: =LN(G62) -> 4.6292677 | I62: =LN(G63) -> 4.5974481 | J62: =AVERAGE(H62:I63) -> 4.6133579
C63: HW356060_SR-LM_60min-2 | E63: =VLOOKUP($C63,'Raw Data'!$A$1:$S$2198,7,0) -> 1.29 | G63: =E63/E71*100 -> 99.230769
C64: HW356060_SR-LM_30min-1 | D64: 30 | E64: =VLOOKUP($C64,'Raw Data'!$A$1:$S$2198,7,0) -> 1.21 | F64: =AVERAGE(E64:E65) -> 1.245 | G64: =E64/E70*100 -> 98.373984 | H64: =LN(G64) -> 4.5887764 | I64: =LN(G65) -> 4.589666 | J64: =AVERAGE(H64:I65) -> 4.5892212
C65: HW356060_SR-LM_30min-2 | E65: =VLOOKUP($C65,'Raw Data'!$A$1:$S$2198,7,0) -> 1.28 | G65: =E65/E71*100 -> 98.461538
C66: HW356060_SR-LM_15min-1 | D66: 15 | E66: =VLOOKUP($C66,'Raw Data'!$A$1:$S$2198,7,0) -> 1.22 | F66: =AVERAGE(E66:E67) -> 1.235 | G66: =E66/E70*100 -> 99.186992 | H66: =LN(G66) -> 4.5970069 | I66: =LN(G67) -> 4.5659495 | J66: =AVERAGE(H66:I67) -> 4.5814782
C67: HW356060_SR-LM_15min-2 | E67: =VLOOKUP($C67,'Raw Data'!$A$1:$S$2198,7,0) -> 1.25 | G67: =E67/E71*100 -> 96.153846
C68: HW356060_SR-LM_5min-1 | D68: 5 | E68: =VLOOKUP($C68,'Raw Data'!$A$1:$S$2198,7,0) -> 1.2 | F68: =AVERAGE(E68:E69) -> 1.195 | G68: =E68/E70*100 -> 97.560976 | H68: =LN(G68) -> 4.5804776 | I68: =LN(G69) -> 4.5167592 | J68: =AVERAGE(H68:I69) -> 4.5486184
C69: HW356060_SR-LM_5min-2 | E69: =VLOOKUP($C69,'Raw Data'!$A$1:$S$2198,7,0) -> 1.19 | G69: =E69/E71*100 -> 91.538462
C70: HW356060_SR-LM_0min-1 | D70: 0 | E70: =VLOOKUP($C70,'Raw Data'!$A$1:$S$2198,7,0) -> 1.23 | F70: =AVERAGE(E70:E71) -> 1.265 | G70: =E70/E70*100 -> 100 | H70: =LN(G70) -> 4.6051702 | I70: =LN(G71) -> 4.6051702 | J70: =AVERAGE(H70:I71) -> 4.6051702
C71: HW356060_SR-LM_0min-2 | E71: =VLOOKUP($C71,'Raw Data'!$A$1:$S$2198,7,0) -> 1.3 | G71: =E71/E71*100 -> 100
B72: 概要 | D72: =B62 -> HW356060在大鼠肝微粒体中的代谢稳定性评估
D73: k (1/min) | E73: T1/2 (min) | F73: CLint, microsome (µL/min/mg proteins)
B74: #1 | D74: =IF(-SLOPE(H62:H71,D62:D71)<0,"NA",-SLOPE(H62:H71,D62:D71)) -> NA | E74: =IFERROR(0.693/D74,"NA") -> NA | F74: =IFERROR(D74/0.5*1000,"NA") -> NA
B75: #2 | D75: =IF(-SLOPE(I62:I71,D62:D71)<0,"NA",-SLOPE(I62:I71,D62:D71)) -> NA | E75: =IFERROR(0.693/D75,"NA") -> NA | F75: =IFERROR(D75/0.5*1000,"NA") -> NA
B76: 平均值 | D76: =IFERROR(AVERAGE(D74:D75),"NA") -> NA | E76: =IFERROR(AVERAGE(E74:E75),"NA") -> NA | F76: =IFERROR(AVERAGE(F74:F75),"NA") -> NA
B79: =CONCATENATE(Summary!$B$10,"在小鼠肝微粒体中的代谢稳定性评估") -> HW356060在小鼠肝微粒体中的代谢稳定性评估
B80: 样品 | D80: 孵育时间 (min) | E80: 峰面积比值 | F80: 平均值 | G80: 原药剩余量% | H80: Ln (原药剩余量%) | J80: 平均值
H81: #1 | I81: #2
B82: =B79 -> HW356060在小鼠肝微粒体中的代谢稳定性评估 | C82: HW356060_MU-LM_60min-1 | D82: 60 | E82: =VLOOKUP($C82,'Raw Data'!$A$1:$S$2198,7,0) -> 1.39 | F82: =AVERAGE(E82:E83) -> 1.34 | G82: =E82/E90*100 -> 105.30303 | H82: =LN(G82) -> 4.6568422 | I82: =LN(G83) -> 4.5377289 | J82: =AVERAGE(H82:I83) -> 4.5972856
C83: HW356060_MU-LM_60min-2 | E83: =VLOOKUP($C83,'Raw Data'!$A$1:$S$2198,7,0) -> 1.29 | G83: =E83/E91*100 -> 93.478261
C84: HW356060_MU-LM_30min-1 | D84: 30 | E84: =VLOOKUP($C84,'Raw Data'!$A$1:$S$2198,7,0) -> 1.29 | F84: =AVERAGE(E84:E85) -> 1.295 | G84: =E84/E90*100 -> 97.727273 | H84: =LN(G84) -> 4.5821807 | I84: =LN(G85) -> 4.545451 | J84: =AVERAGE(H84:I85) -> 4.5638158
C85: HW356060_MU-LM_30min-2 | E85: =VLOOKUP($C85,'Raw Data'!$A$1:$S$2198,7,0) -> 1.3 | G85: =E85/E91*100 -> 94.202899
C86: HW356060_MU-LM_15min-1 | D86: 15 | E86: =VLOOKUP($C86,'Raw Data'!$A$1:$S$2198,7,0) -> 1.3 | F86: =AVERAGE(E86:E87) -> 1.31 | G86: =E86/E90*100 -> 98.484848 | H86: =LN(G86) -> 4.5899027 | I86: =LN(G87) -> 4.5607184 | J86: =AVERAGE(H86:I87) -> 4.5753106
C87: HW356060_MU-LM_15min-2 | E87: =VLOOKUP($C87,'Raw Data'!$A$1:$S$2198,7,0) -> 1.32 | G87: =E87/E91*100 -> 95.652174
C88: HW356060_MU-LM_5min-1 | D88: 5 | E88: =VLOOKUP($C88,'Raw Data'!$A$1:$S$2198,7,0) -> 1.34 | F88: =AVERAGE(E88:E89) -> 1.335 | G88: =E88/E90*100 -> 101.51515 | H88: =LN(G88) -> 4.6202081 | I88: =LN(G89) -> 4.5682656 | J88: =AVERAGE(H88:I89) -> 4.5942368
C89: HW356060_MU-LM_5min-2 | E89: =VLOOKUP($C89,'Raw Data'!$A$1:$S$2198,7,0) -> 1.33 | G89: =E89/E91*100 -> 96.376812
C90: HW356060_MU-LM_0min-1 | D90: 0 | E90: =VLOOKUP($C90,'Raw Data'!$A$1:$S$2198,7,0) -> 1.32 | F90: =AVERAGE(E90:E91) -> 1.35 | G90: =E90/E90*100 -> 100 | H90: =LN(G90) -> 4.6051702 | I90: =LN(G91) -> 4.6051702 | J90: =AVERAGE(H90:I91) -> 4.6051702
C91: HW356060_MU-LM_0min-2 | E91: =VLOOKUP($C91,'Raw Data'!$A$1:$S$2198,7,0) -> 1.38 | G91: =E91/E91*100 -> 100
B92: 概要 | D92: =B82 -> HW356060在小鼠肝微粒体中的代谢稳定性评估
D93: k (1/min) | E93: T1/2 (min) | F93: CLint, microsome (µL/min/mg proteins)
B94: #1 | D94: =IF(-SLOPE(H82:H91,D82:D91)<0,"NA",-SLOPE(H82:H91,D82:D91)) -> NA | E94: =IFERROR(0.693/D94,"NA") -> NA | F94: =IFERROR(D94/0.5*1000,"NA") -> NA
B95: #2 | D95: =IF(-SLOPE(I82:I91,D82:D91)<0,"NA",-SLOPE(I82:I91,D82:D91)) -> 0.00090213852 | E95: =IFERROR(0.693/D95,"NA") -> 768.17472 | F95: =D95/0.5*1000 -> 1.804277
B96: 平均值 | D96: =AVERAGE(D94:D95) -> 0.00090213852 | E96: =AVERAGE(E94:E95) -> 768.17472 | F96: =AVERAGE(F94:F95) -> 1.804277

Sheet Midazolam
B2: 咪达唑仑在人肝微粒体中的代谢稳定性评估
B3: 样品 | D3: 孵育时间 (min) | E3: 峰面积比值 | F3: 平均值 | G3: 原药剩余量% | H3: Ln (原药剩余量%) | J3: 平均值
H4: #1 | I4: #2
B5: 咪达唑仑 人肝微粒体 | C5: Midazolam_HM-LM_20min-1 | D5: 20 | E5: =VLOOKUP($C5,'Raw Data'!$A$92:$S$1716,7,0) -> 0.567 | F5: =AVERAGE(E5:E6) -> 0.579 | G5: =E5/E9*100 -> 16.107955 | H5: =LN(G5) -> 2.7793132 | I5: =LN(G6) -> 2.8236149 | J5: =AVERAGE(H5:I6) -> 2.8014641
C6: Midazolam_HM-LM_20min-2 | E6: =VLOOKUP($C6,'Raw Data'!$A$92:$S$1716,7,0) -> 0.591 | G6: =E6/E10*100 -> 16.837607
C7: Midazolam_HM-LM_5min-1 | D7: 5 | E7: =VLOOKUP($C7,'Raw Data'!$A$92:$S$1716,7,0) -> 2.2 | F7: =AVERAGE(E7:E8) -> 2.32 | G7: =E7/E9*100 -> 62.5 | H7: =LN(G7) -> 4.1351666 | I7: =LN(G8) -> 4.2415522 | J7: =AVERAGE(H7:I8) -> 4.1883594
C8: Midazolam_HM-LM_5min-2 | E8: =VLOOKUP($C8,'Raw Data'!$A$92:$S$1716,7,0) -> 2.44 | G8: =E8/E10*100 -> 69.51567
C9: Midazolam_HM-LM_0min-1 | D9: 0 | E9: =VLOOKUP($C9,'Raw Data'!$A$92:$S$1716,7,0) -> 3.52 | F9: =AVERAGE(E9:E10) -> 3.515 | G9: =E9/E9*100 -> 100 | H9: =LN(G9) -> 4.6051702 | I9: =LN(G10) -> 4.6051702 | J9: =AVERAGE(H9:I10) -> 4.6051702
C10: Midazolam_HM-LM_0min-2 | E10: =VLOOKUP($C10,'Raw Data'!$A$92:$S$1716,7,0) -> 3.51 | G10: =E10/E10*100 -> 100
B11: 概要 | D11: =B5 -> 咪达唑仑 人肝微粒体
D12: k (1/min) | E12: T1/2 (min) | F12: CLint, microsome (µL/min/mg proteins)
B13: #1 | D13: =-SLOPE(H5:H10,D5:D10) -> 0.09108455 | E13: =0.693/D13 -> 7.6083156 | F13: =D13/0.2*1000 -> 455.42275
B14: #2 | D14: =-SLOPE(I5:I10,D5:D10) -> 0.090335778 | E14: =0.693/D14 -> 7.6713791 | F14: =D14/0.2*1000 -> 451.67889
B15: 平均值 | D15: =AVERAGE(D13:D14) -> 0.090710164 | E15: =AVERAGE(E13:E14) -> 7.6398474 | F15: =AVERAGE(F13:F14) -> 453.55082
B17: 咪达唑仑在猴肝微粒体中的代谢稳定性评估
B18: 样品 | D18: 孵育时间 (min) | E18: 峰面积比值 | F18: 平均值 | G18: 原药剩余量% | H18: Ln (原药剩余量%) | J18: 平均值
H19: #1 | I19: #2
B20: 咪达唑仑 猴肝微粒体 | C20: Midazolam_MK-LM_20min-1 | D20: 20 | E20: =VLOOKUP($C20,'Raw Data'!$A$92:$S$1716,7,0) -> 0.216 | F20: =AVERAGE(E20:E21) -> 0.216 | G20: =E20/E24*100 -> 6.6666667 | H20: =LN(G20) -> 1.89712 | I20: =LN(G21) -> 1.8909661 | J20: =AVERAGE(H20:I21) -> 1.8940431
C21: Midazolam_MK-LM_20min-2 | E21: =VLOOKUP($C21,'Raw Data'!$A$92:$S$1716,7,0) -> 0.216 | G21: =E21/E25*100 -> 6.6257669
C22: Midazolam_MK-LM_5min-1 | D22: 5 | E22: =VLOOKUP($C22,'Raw Data'!$A$92:$S$1716,7,0) -> 1.8 | F22: =AVERAGE(E22:E23) -> 1.795 | G22: =E22/E24*100 -> 55.555556 | H22: =LN(G22) -> 4.0173835 | I22: =LN(G23) -> 4.0056586 | J22: =AVERAGE(H22:I23) -> 4.0115211
C23: Midazolam_MK-LM_5min-2 | E23: =VLOOKUP($C23,'Raw Data'!$A$92:$S$1716,7,0) -> 1.79 | G23: =E23/E25*100 -> 54.907975
C24: Midazolam_MK-LM_0min-1 | D24: 0 | E24: =VLOOKUP($C24,'Raw Data'!$A$92:$S$1716,7,0) -> 3.24 | F24: =AVERAGE(E24:E25) -> 3.25 | G24: =E24/E24*100 -> 100 | H24: =LN(G24) -> 4.6051702 | I24: =LN(G25) -> 4.6051702 | J24: =AVERAGE(H24:I25) -> 4.6051702
C25: Midazolam_MK-LM_0min-2 | E25: =VLOOKUP($C25,'Raw Data'!$A$92:$S$1716,7,0) -> 3.26 | G25: =E25/E25*100 -> 100
B26: 概要 | D26: =B20 -> 咪达唑仑 猴肝微粒体
D27: k (1/min) | E27: T1/2 (min) | F27: CLint, microsome (µL/min/mg proteins)
B28: #1 | D28: =-SLOPE(H20:H25,D20:D25) -> 0.13677522 | E28: =0.693/D28 -> 5.0667074 | F28: =D28/0.2*1000 -> 683.87608
B29: #2 | D29: =-SLOPE(I20:I25,D20:D25) -> 0.13692619 | E29: =0.693/D29 -> 5.0611207 | F29: =D29/0.2*1000 -> 684.63097
B30: 平均值 | D30: =AVERAGE(D28:D29) -> 0.13685071 | E30: =AVERAGE(E28:E29) -> 5.0639141 | F30: =AVERAGE(F28:F29) -> 684.25353
B32: 咪达唑仑在犬肝微粒体中的代谢稳定性评估
B33: 样品 | D33: 孵育时间 (min) | E33: 峰面积比值 | F33: 平均值 | G33: 原药剩余量% | H33: Ln (原药剩余量%) | J33: 平均值
H34: #1 | I34: #2
B35: 咪达唑仑 犬肝微粒体 | C35: Midazolam_BD-LM_20min-1 | D35: 20 | E35: =VLOOKUP($C35,'Raw Data'!$A$92:$S$1716,7,0) -> 0.169 | F35: =AVERAGE(E35:E36) -> 0.174 | G35: =E35/E39*100 -> 5.4166667 | H35: =LN(G35) -> 1.6894806 | I35: =LN(G36) -> 1.7123186 | J35: =AVERAGE(H35:I36) -> 1.7008996
C36: Midazolam_BD-LM_20min-2 | E36: =VLOOKUP($C36,'Raw Data'!$A$92:$S$1716,7,0) -> 0.179 | G36: =E36/E40*100 -> 5.5417957
C37: Midazolam_BD-LM_5min-1 | D37: 5 | E37: =VLOOKUP($C37,'Raw Data'!$A$92:$S$1716,7,0) -> 1.8 | F37: =AVERAGE(E37:E38) -> 1.82 | G37: =E37/E39*100 -> 57.692308 | H37: =LN(G37) -> 4.0551238 | I37: =LN(G38) -> 4.0424536 | J37: =AVERAGE(H37:I38) -> 4.0487887
C38: Midazolam_BD-LM_5min-2 | E38: =VLOOKUP($C38,'Raw Data'!$A$92:$S$1716,7,0) -> 1.84 | G38: =E38/E40*100 -> 56.965944
C39: Midazolam_BD-LM_0min-1 | D39: 0 | E39: =VLOOKUP($C39,'Raw Data'!$A$92:$S$1716,7,0) -> 3.12 | F39: =AVERAGE(E39:E40) -> 3.175 | G39: =E39/E39*100 -> 100 | H39: =LN(G39) -> 4.6051702 | I39: =LN(G40) -> 4.6051702 | J39: =AVERAGE(H39:I40) -> 4.6051702
C40: Midazolam_BD-LM_0min-2 | E40: =VLOOKUP($C40,'Raw Data'!$A$92:$S$1716,7,0) -> 3.23 | G40: =E40/E40*100 -> 100
B41: 概要 | D41: =B35 -> 咪达唑仑 犬肝微粒体
D42: k (1/min) | E42: T1/2 (min) | F42: CLint, microsome (µL/min/mg proteins)
B43: #1 | D43: =-SLOPE(H35:H40,D35:D40) -> 0.14853642 | E43: =0.693/D43 -> 4.6655225 | F43: =D43/0.2*1000 -> 742.68209
B44: #2 | D44: =-SLOPE(I35:I40,D35:D40) -> 0.14711175 | E44: =0.693/D44 -> 4.7107045 | F44: =D44/0.2*1000 -> 735.55877
B45: 平均值 | D45: =AVERAGE(D43:D44) -> 0.14782409 | E45: =AVERAGE(E43:E44) -> 4.6881135 | F45: =AVERAGE(F43:F44) -> 739.12043
B47: 咪达唑仑在大鼠肝微粒体中的代谢稳定性评估
B48: 样品 | D48: 孵育时间 (min) | E48: 峰面积比值 | F48: 平均值 | G48: 原药剩余量% | H48: Ln (原药剩余量%) | J48: 平均值
H49: #1 | I49: #2
B50: 咪达唑仑 大鼠肝微粒体 | C50: Midazolam_SR-LM_20min-1 | D50: 20 | E50: =VLOOKUP($C50,'Raw Data'!$A$92:$S$1716,7,0) -> 0.473 | F50: =AVERAGE(E50:E51) -> 0.496 | G50: =E50/E54*100 -> 14.077381 | H50: =LN(G50) -> 2.6445693 | I50: =LN(G51) -> 2.749354 | J50: =AVERAGE(H50:I51) -> 2.6969617
C51: Midazolam_SR-LM_20min-2 | E51: =VLOOKUP($C51,'Raw Data'!$A$92:$S$1716,7,0) -> 0.519 | G51: =E51/E55*100 -> 15.63253
C52: Midazolam_SR-LM_5min-1 | D52: 5 | E52: =VLOOKUP($C52,'Raw Data'!$A$92:$S$1716,7,0) -> 2.03 | F52: =AVERAGE(E52:E53) -> 2.075 | G52: =E52/E54*100 -> 60.416667 | H52: =LN(G52) -> 4.101265 | I52: =LN(G53) -> 4.1566215 | J52: =AVERAGE(H52:I53) -> 4.1289432
C53: Midazolam_SR-LM_5min-2 | E53: =VLOOKUP($C53,'Raw Data'!$A$92:$S$1716,7,0) -> 2.12 | G53: =E53/E55*100 -> 63.855422
C54: Midazolam_SR-LM_0min-1 | D54: 0 | E54: =VLOOKUP($C54,'Raw Data'!$A$92:$S$1716,7,0) -> 3.36 | F54: =AVERAGE(E54:E55) -> 3.34 | G54: =E54/E54*100 -> 100 | H54: =LN(G54) -> 4.6051702 | I54: =LN(G55) -> 4.6051702 | J54: =AVERAGE(H54:I55) -> 4.6051702
C55: Midazolam_SR-LM_0min-2 | E55: =VLOOKUP($C55,'Raw Data'!$A$92:$S$1716,7,0) -> 3.32 | G55: =E55/E55*100 -> 100
B56: 概要 | D56: =B50 -> 咪达唑仑 大鼠肝微粒体
D57: k (1/min) | E57: T1/2 (min) | F57: CLint, microsome (µL/min/mg proteins)
B58: #1 | D58: =-SLOPE(H50:H55,D50:D55) -> 0.097818428 | E58: =0.693/D58 -> 7.0845546 | F58: =D58/0.2*1000 -> 489.09214
B59: #2 | D59: =-SLOPE(I50:I55,D50:D55) -> 0.093027814 | E59: =0.693/D59 -> 7.449385 | F59: =D59/0.2*1000 -> 465.13907
B60: 平均值 | D60: =AVERAGE(D58:D59) -> 0.095423121 | E60: =AVERAGE(E58:E59) -> 7.2669698 | F60: =AVERAGE(F58:F59) -> 477.11561
B62: 咪达唑仑在小鼠肝微粒体中的代谢稳定性评估
B63: 样品 | D63: 孵育时间 (min) | E63: 峰面积比值 | F63: 平均值 | G63: 原药剩余量% | H63: Ln (原药剩余量%) | J63: 平均值
H64: #1 | I64: #2
B65: 咪达唑仑 小鼠肝微粒体 | C65: Midazolam_MU-LM_20min-1 | D65: 20 | E65: =VLOOKUP($C65,'Raw Data'!$A$92:$S$1716,7,0) -> 0.00741 | F65: =AVERAGE(E65:E66) -> 0.006645 | G65: =E65/E69*100 -> 0.25551724 | H65: =LN(G65) -> -1.3644654 | I65: =LN(G66) -> -1.6263017 | J65: =AVERAGE(H65:I66) -> -1.4953836
C66: Midazolam_MU-LM_20min-2 | E66: =VLOOKUP($C66,'Raw Data'!$A$92:$S$1716,7,0) -> 0.00588 | G66: =E66/E70*100 -> 0.19665552
C67: Midazolam_MU-LM_5min-1 | D67: 5 | E67: =VLOOKUP($C67,'Raw Data'!$A$92:$S$1716,7,0) -> 0.672 | F67: =AVERAGE(E67:E68) -> 0.673 | G67: =E67/E69*100 -> 23.172414 | H67: =LN(G67) -> 3.1429625 | I67: =LN(G68) -> 3.1153716 | J67: =AVERAGE(H67:I68) -> 3.1291671
C68: Midazolam_MU-LM_5min-2 | E68: =VLOOKUP($C68,'Raw Data'!$A$92:$S$1716,7,0) -> 0.674 | G68: =E68/E70*100 -> 22.541806
C69: Midazolam_MU-LM_0min-1 | D69: 0 | E69: =VLOOKUP($C69,'Raw Data'!$A$92:$S$1716,7,0) -> 2.9 | F69: =AVERAGE(E69:E70) -> 2.945 | G69: =E69/E69*100 -> 100 | H69: =LN(G69) -> 4.6051702 | I69: =LN(G70) -> 4.6051702 | J69: =AVERAGE(H69:I70) -> 4.6051702
C70: Midazolam_MU-LM_0min-2 | E70: =VLOOKUP($C70,'Raw Data'!$A$92:$S$1716,7,0) -> 2.99 | G70: =E70/E70*100 -> 100
B71: 概要 | D71: =B65 -> 咪达唑仑 小鼠肝微粒体
D72: k (1/min) | E72: T1/2 (min) | F72: CLint, microsome (µL/min/mg proteins)
B73: #1 | D73: =-SLOPE(H65:H70,D65:D70) -> 0.29894641 | E73: =0.693/D73 -> 2.3181412 | F73: =D73/0.2*1000 -> 1494.7321
B74: #2 | D74: =-SLOPE(I65:I70,D65:D70) -> 0.31262082 | E74: =0.693/D74 -> 2.216743 | F74: =D74/0.2*1000 -> 1563.1041
B75: 平均值 | D75: =AVERAGE(D73:D74) -> 0.30578362 | E75: =AVERAGE(E73:E74) -> 2.2674421 | F75: =AVERAGE(F73:F74) -> 1528.9181

Sheet 7-HC
B2: 7-HC在人肝微粒体中的代谢稳定性评估
B3: 样品 | D3: 孵育时间 (min) | E3: 峰面积比值 | F3: 平均值 | G3: 原药剩余量% | H3: Ln (原药剩余量%) | J3: 平均值
H4: #1 | I4: #2
B5: 7-HC 人肝微粒体 | C5: 7-HC_HM-LM_20min-1 | D5: 20 | E5: =VLOOKUP($C5,'Raw Data'!$A$92:$S$1716,7,0) -> 0.081 | F5: =AVERAGE(E5:E6) -> 0.0758 | G5: =E5/E9*100 -> 45 | H5: =LN(G5) -> 3.8066625 | I5: =LN(G6) -> 3.6257584 | J5: =AVERAGE(H5:I6) -> 3.7162104
C6: 7-HC_HM-LM_20min-2 | E6: =VLOOKUP($C6,'Raw Data'!$A$92:$S$1716,7,0) -> 0.0706 | G6: =E6/E10*100 -> 37.553191
C7: 7-HC_HM-LM_5min-1 | D7: 5 | E7: =VLOOKUP($C7,'Raw Data'!$A$92:$S$1716,7,0) -> 0.139 | F7: =AVERAGE(E7:E8) -> 0.1415 | G7: =E7/E9*100 -> 77.222222 | H7: =LN(G7) -> 4.3466873 | I7: =LN(G8) -> 4.3385415 | J7: =AVERAGE(H7:I8) -> 4.3426144
C8: 7-HC_HM-LM_5min-2 | E8: =VLOOKUP($C8,'Raw Data'!$A$92:$S$1716,7,0) -> 0.144 | G8: =E8/E10*100 -> 76.595745
C9: 7-HC_HM-LM_0min-1 | D9: 0 | E9: =VLOOKUP($C9,'Raw Data'!$A$92:$S$1716,7,0) -> 0.18 | F9: =AVERAGE(E9:E10) -> 0.184 | G9: =E9/E9*100 -> 100 | H9: =LN(G9) -> 4.6051702 | I9: =LN(G10) -> 4.6051702 | J9: =AVERAGE(H9:I10) -> 4.6051702
C10: 7-HC_HM-LM_0min-2 | E10: =VLOOKUP($C10,'Raw Data'!$A$92:$S$1716,7,0) -> 0.188 | G10: =E10/E10*100 -> 100
B11: 概要 | D11: =B5 -> 7-HC 人肝微粒体
D12: k (1/min) | E12: T1/2 (min) | F12: CLint, microsome (µL/min/mg proteins)
B13: #1 | D13: =-SLOPE(H5:H10,D5:D10) -> 0.039019908 | E13: =0.693/D13 -> 17.760165 | F13: =D13/0.2*1000 -> 195.09954
B14: #2 | D14: =-SLOPE(I5:I10,D5:D10) -> 0.04863558 | E14: =0.693/D14 -> 14.248828 | F14: =D14/0.2*1000 -> 243.1779
B15: 平均值 | D15: =AVERAGE(D13:D14) -> 0.043827744 | E15: =AVERAGE(E13:E14) -> 16.004496 | F15: =AVERAGE(F13:F14) -> 219.13872
B17: 7-HC在猴肝微粒体中的代谢稳定性评估
B18: 样品 | D18: 孵育时间 (min) | E18: 峰面积比值 | F18: 平均值 | G18: 原药剩余量% | H18: Ln (原药剩余量%) | J18: 平均值
H19: #1 | I19: #2
B20: 7-HC 猴肝微粒体 | C20: 7-HC_MK-LM_20min-1 | D20: 20 | E20: =VLOOKUP($C20,'Raw Data'!$A$92:$S$1716,7,0) -> 0.106 | F20: =AVERAGE(E20:E21) -> 0.1095 | G20: =E20/E24*100 -> 52.475248 | H20: =LN(G20) -> 3.9603416 | I20: =LN(G21) -> 4.1068113 | J20: =AVERAGE(H20:I21) -> 4.0335765
C21: 7-HC_MK-LM_20min-2 | E21: =VLOOKUP($C21,'Raw Data'!$A$92:$S$1716,7,0) -> 0.113 | G21: =E21/E25*100 -> 60.752688
C22: 7-HC_MK-LM_5min-1 | D22: 5 | E22: =VLOOKUP($C22,'Raw Data'!$A$92:$S$1716,7,0) -> 0.152 | F22: =AVERAGE(E22:E23) -> 0.158 | G22: =E22/E24*100 -> 75.247525 | H22: =LN(G22) -> 4.320783 | I22: =LN(G23) -> 4.4792899 | J22: =AVERAGE(H22:I23) -> 4.4000365
C23: 7-HC_MK-LM_5min-2 | E23: =VLOOKUP($C23,'Raw Data'!$A$92:$S$1716,7,0) -> 0.164 | G23: =E23/E25*100 -> 88.172043
C24: 7-HC_MK-LM_0min-1 | D24: 0 | E24: =VLOOKUP($C24,'Raw Data'!$A$92:$S$1716,7,0) -> 0.202 | F24: =AVERAGE(E24:E25) -> 0.194 | G24: =E24/E24*100 -> 100 | H24: =LN(G24) -> 4.6051702 | I24: =LN(G25) -> 4.6051702 | J24: =AVERAGE(H24:I25) -> 4.6051702
C25: 7-HC_MK-LM_0min-2 | E25: =VLOOKUP($C25,'Raw Data'!$A$92:$S$1716,7,0) -> 0.186 | G25: =E25/E25*100 -> 100
B26: 概要 | D26: =B20 -> 7-HC 猴肝微粒体
D27: k (1/min) | E27: T1/2 (min) | F27: CLint, microsome (µL/min/mg proteins)
B28: #1 | D28: =-SLOPE(H20:H25,D20:D25) -> 0.030346353 | E28: =0.693/D28 -> 22.836352 | F28: =D28/0.2*1000 -> 151.73176
B29: #2 | D29: =-SLOPE(I20:I25,D20:D25) -> 0.024898088 | E29: =0.693/D29 -> 27.833462 | F29: =D29/0.2*1000 -> 124.49044
B30: 平均值 | D30: =AVERAGE(D28:D29) -> 0.027622221 | E30: =AVERAGE(E28:E29) -> 25.334907 | F30: =AVERAGE(F28:F29) -> 138.1111
B32: 7-HC在犬肝微粒体中的代谢稳定性评估
B33: 样品 | D33: 孵育时间 (min) | E33: 峰面积比值 | F33: 平均值 | G33: 原药剩余量% | H33: Ln (原药剩余量%) | J33: 平均值
H34: #1 | I34: #2
B35: 7-HC 犬肝微粒体 | C35: 7-HC_BD-LM_20min-1 | D35: 20 | E35: =VLOOKUP($C35,'Raw Data'!$A$92:$S$1716,7,0) -> 0.0879 | F35: =AVERAGE(E35:E36) -> 0.08175 | G35: =E35/E39*100 -> 47.005348 | H35: =LN(G35) -> 3.8502614 | I35: =LN(G36) -> 3.7601425 | J35: =AVERAGE(H35:I36) -> 3.8052019
C36: 7-HC_BD-LM_20min-2 | E36: =VLOOKUP($C36,'Raw Data'!$A$92:$S$1716,7,0) -> 0.0756 | G36: =E36/E40*100 -> 42.954545
C37: 7-HC_BD-LM_5min-1 | D37: 5 | E37: =VLOOKUP($C37,'Raw Data'!$A$92:$S$1716,7,0) -> 0.153 | F37: =AVERAGE(E37:E38) -> 0.148 | G37: =E37/E39*100 -> 81.818182 | H37: =LN(G37) -> 4.4044995 | I37: =LN(G38) -> 4.3975308 | J37: =AVERAGE(H37:I38) -> 4.4010152
C38: 7-HC_BD-LM_5min-2 | E38: =VLOOKUP($C38,'Raw Data'!$A$92:$S$1716,7,0) -> 0.143 | G38: =E38/E40*100 -> 81.25
C39: 7-HC_BD-LM_0min-1 | D39: 0 | E39: =VLOOKUP($C39,'Raw Data'!$A$92:$S$1716,7,0) -> 0.187 | F39: =AVERAGE(E39:E40) -> 0.1815 | G39: =E39/E39*100 -> 100 | H39: =LN(G39) -> 4.6051702 | I39: =LN(G40) -> 4.6051702 | J39: =AVERAGE(H39:I40) -> 4.6051702
C40: 7-HC_BD-LM_0min-2 | E40: =VLOOKUP($C40,'Raw Data'!$A$92:$S$1716,7,0) -> 0.176 | G40: =E40/E40*100 -> 100
B41: 概要 | D41: =B35 -> 7-HC 犬肝微粒体
D42: k (1/min) | E42: T1/2 (min) | F42: CLint, microsome (µL/min/mg proteins)
B43: #1 | D43: =-SLOPE(H35:H40,D35:D40) -> 0.037561695 | E43: =0.693/D43 -> 18.449647 | F43: =D43/0.2*1000 -> 187.80847
B44: #2 | D44: =-SLOPE(I35:I40,D35:D40) -> 0.04230704 | E44: =0.693/D44 -> 16.380252 | F44: =D44/0.2*1000 -> 211.5352
B45: 平均值 | D45: =AVERAGE(D43:D44) -> 0.039934367 | E45: =AVERAGE(E43:E44) -> 17.41495 | F45: =AVERAGE(F43:F44) -> 199.67184
B47: 7-HC在大鼠肝微粒体中的代谢稳定性评估
B48: 样品 | D48: 孵育时间 (min) | E48: 峰面积比值 | F48: 平均值 | G48: 原药剩余量% | H48: Ln (原药剩余量%) | J48: 平均值
H49: #1 | I49: #2
B50: 7-HC 大鼠肝微粒体 | C50: 7-HC_SR-LM_20min-1 | D50: 20 | E50: =VLOOKUP($C50,'Raw Data'!$A$92:$S$1716,7,0) -> 0.0883 | F50: =AVERAGE(E50:E51) -> 0.0882 | G50: =E50/E54*100 -> 49.606742 | H50: =LN(G50) -> 3.9041267 | I50: =LN(G51) -> 3.907493 | J50: =AVERAGE(H50:I51) -> 3.9058099
C51: 7-HC_SR-LM_20min-2 | E51: =VLOOKUP($C51,'Raw Data'!$A$92:$S$1716,7,0) -> 0.0881 | G51: =E51/E55*100 -> 49.774011
C52: 7-HC_SR-LM_5min-1 | D52: 5 | E52: =VLOOKUP($C52,'Raw Data'!$A$92:$S$1716,7,0) -> 0.146 | F52: =AVERAGE(E52:E53) -> 0.1465 | G52: =E52/E54*100 -> 82.022472 | H52: =LN(G52) -> 4.4069933 | I52: =LN(G53) -> 4.419453 | J52: =AVERAGE(H52:I53) -> 4.4132231
C53: 7-HC_SR-LM_5min-2 | E53: =VLOOKUP($C53,'Raw Data'!$A$92:$S$1716,7,0) -> 0.147 | G53: =E53/E55*100 -> 83.050847
C54: 7-HC_SR-LM_0min-1 | D54: 0 | E54: =VLOOKUP($C54,'Raw Data'!$A$92:$S$1716,7,0) -> 0.178 | F54: =AVERAGE(E54:E55) -> 0.1775 | G54: =E54/E54*100 -> 100 | H54: =LN(G54) -> 4.6051702 | I54: =LN(G55) -> 4.6051702 | J54: =AVERAGE(H54:I55) -> 4.6051702
C55: 7-HC_SR-LM_0min-2 | E55: =VLOOKUP($C55,'Raw Data'!$A$92:$S$1716,7,0) -> 0.177 | G55: =E55/E55*100 -> 100
B56: 概要 | D56: =B50 -> 7-HC 大鼠肝微粒体
D57: k (1/min) | E57: T1/2 (min) | F57: CLint, microsome (µL/min/mg proteins)
B58: #1 | D58: =-SLOPE(H50:H55,D50:D55) -> 0.034699617 | E58: =0.693/D58 -> 19.971402 | F58: =D58/0.2*1000 -> 173.49809
B59: #2 | D59: =-SLOPE(I50:I55,D50:D55) -> 0.034710047 | E59: =0.693/D59 -> 19.965401 | F59: =D59/0.2*1000 -> 173.55023
B60: 平均值 | D60: =AVERAGE(D58:D59) -> 0.034704832 | E60: =AVERAGE(E58:E59) -> 19.968401 | F60: =AVERAGE(F58:F59) -> 173.52416
B62: 7-HC在小鼠肝微粒体中的代谢稳定性评估
B63: 样品 | D63: 孵育时间 (min) | E63: 峰面积比值 | F63: 平均值 | G63: 原药剩余量% | H63: Ln (原药剩余量%) | J63: 平均值
H64: #1 | I64: #2
B65: 7-HC 小鼠肝微粒体 | C65: 7-HC_MU-LM_20min-1 | D65: 20 | E65: =VLOOKUP($C65,'Raw Data'!$A$92:$S$1716,7,0) -> 0.0306 | F65: =AVERAGE(E65:E66) -> 0.02995 | G65: =E65/E69*100 -> 17.894737 | H65: =LN(G65) -> 2.8845066 | I65: =LN(G66) -> 2.806608 | J65: =AVERAGE(H65:I66) -> 2.8455573
C66: 7-HC_MU-LM_20min-2 | E66: =VLOOKUP($C66,'Raw Data'!$A$92:$S$1716,7,0) -> 0.0293 | G66: =E66/E70*100 -> 16.553672
C67: 7-HC_MU-LM_5min-1 | D67: 5 | E67: =VLOOKUP($C67,'Raw Data'!$A$92:$S$1716,7,0) -> 0.109 | F67: =AVERAGE(E67:E68) -> 0.11 | G67: =E67/E69*100 -> 63.74269 | H67: =LN(G67) -> 4.1548545 | I67: =LN(G68) -> 4.1385507 | J67: =AVERAGE(H67:I68) -> 4.1467026
C68: 7-HC_MU-LM_5min-2 | E68: =VLOOKUP($C68,'Raw Data'!$A$92:$S$1716,7,0) -> 0.111 | G68: =E68/E70*100 -> 62.711864
C69: 7-HC_MU-LM_0min-1 | D69: 0 | E69: =VLOOKUP($C69,'Raw Data'!$A$92:$S$1716,7,0) -> 0.171 | F69: =AVERAGE(E69:E70) -> 0.174 | G69: =E69/E69*100 -> 100 | H69: =LN(G69) -> 4.6051702 | I69: =LN(G70) -> 4.6051702 | J69: =AVERAGE(H69:I70) -> 4.6051702
C70: 7-HC_MU-LM_0min-2 | E70: =VLOOKUP($C70,'Raw Data'!$A$92:$S$1716,7,0) -> 0.177 | G70: =E70/E70*100 -> 100
B71: 概要 | D71: =B65 -> 7-HC 小鼠肝微粒体
D72: k (1/min) | E72: T1/2 (min) | F72: CLint, microsome (µL/min/mg proteins)
B73: #1 | D73: =-SLOPE(H65:H70,D65:D70) -> 0.085723181 | E73: =0.693/D73 -> 8.0841611 | F73: =D73/0.2*1000 -> 428.6159
B74: #2 | D74: =-SLOPE(I65:I70,D65:D70) -> 0.089666896 | E74: =0.693/D74 -> 7.7286048 | F74: =D74/0.2*1000 -> 448.33448
B75: 平均值 | D75: =AVERAGE(D73:D74) -> 0.087695038 | E75: =AVERAGE(E73:E74) -> 7.9063829 | F75: =AVERAGE(F73:F74) -> 438.47519

Sheet Raw Data
A1: =Summary!B10 -> HW356060
A2: Peak Name: Ver
A3: Use as Internal Standard
A4: Q1/Q3 Masses: 455.20/165.10 Da
A5: Peak Name: Gli
A6: Use as Internal Standard
A7: Q1/Q3 Masses: 494.20/369.10 Da
A9: Peak Name: HW356060-Ver
A10: Internal Standard: Ver
A11: Q1/Q3 Masses: 603.10/330.00 Da
A13: Fit | B13: Linear | C13: Weighting | D13: 1 / (x * x) | E13: Iterate | F13: No
A14: Error | B14: At least 2 points are required to calculate regression.
A15: Use Area
A17: Peak Name: HW356060-Gli
A18: Internal Standard: Gli
A19: Q1/Q3 Masses: 603.10/330.00 Da
A21: Fit | B21: Linear | C21: Weighting | D21: 1 / (x * x) | E21: Iterate | F21: No
A22: Error | B22: At least 2 points are required to calculate regression.
A23: Use Area
A27: Sample Name | B27: Sample Type | C27: Analyte Concentration (nM) | D27: Dilution Factor | E27: Analyte Peak Area (counts) | F27: IS Peak Area (counts) | G27: Area Ratio | H27: Use Record | I27: Record Modified | J27: Calculated Concentration (nM) | K27: Accuracy (%) | L27: Vial Position | M27: Rack Position | N27: Acquisition Date
A28: Wash | B28: Unknown | C28: N/A | D28: 1 | E28: 0 | F28: 0 | G28: #DIV/0! | I28: 0 | J28: #DIV/0! | K28: N/A | L28: 20001 | M28: 1 | N28: 3/26/2025 12:32:05 PM
A29: Wash | B29: Unknown | C29: N/A | D29: 1 | E29: 0 | F29: 0 | G29: #DIV/0! | I29: 0 | J29: #DIV/0! | K29: N/A | L29: 20001 | M29: 1 | N29: 3/26/2025 12:35:29 PM
A30: HW356060_HM-LM_60min-1 | B30: Unknown | C30: N/A | D30: 1 | E30: 134000 | F30: 133000 | G30: 1.01 | I30: 0 | J30: 0 | K30: N/A | L30: 1 | M30: 1 | N30: 3/26/2025 12:38:56 PM
A31: HW356060_HM-LM_60min-2 | B31: Unknown | C31: N/A | D31: 1 | E31: 136000 | F31: 130000 | G31: 1.05 | I31: 0 | J31: 0 | K31: N/A | L31: 2 | M31: 1 | N31: 3/26/2025 12:42:27 PM
A32: HW356060_HM-LM_30min-1 | B32: Unknown | C32: N/A | D32: 1 | E32: 135000 | F32: 124000 | G32: 1.09 | I32: 0 | J32: 0 | K32: N/A | L32: 13 | M32: 1 | N32: 3/26/2025 12:45:56 PM
A33: HW356060_HM-LM_30min-2 | B33: Unknown | C33: N/A | D33: 1 | E33: 122000 | F33: 122000 | G33: 1 | I33: 0 | J33: 0 | K33: N/A | L33: 14 | M33: 1 | N33: 3/26/2025 12:49:24 PM
A34: HW356060_HM-LM_15min-1 | B34: Unknown | C34: N/A | D34: 1 | E34: 146000 | F34: 131000 | G34: 1.12 | I34: 0 | J34: 0 | K34: N/A | L34: 25 | M34: 1 | N34: 3/26/2025 12:52:53 PM
A35: HW356060_HM-LM_15min-2 | B35: Unknown | C35: N/A | D35: 1 | E35: 140000 | F35: 132000 | G35: 1.06 | I35: 0 | J35: 0 | K35: N/A | L35: 26 | M35: 1 | N35: 3/26/2025 12:56:21 PM
A36: HW356060_HM-LM_5min-1 | B36: Unknown | C36: N/A | D36: 1 | E36: 143000 | F36: 142000 | G36: 1.01 | I36: 0 | J36: 0 | K36: N/A | L36: 37 | M36: 1 | N36: 3/26/2025 12:59:49 PM
A37: HW356060_HM-LM_5min-2 | B37: Unknown | C37: N/A | D37: 1 | E37: 143000 | F37: 135000 | G37: 1.06 | I37: 0 | J37: 0 | K37: N/A | L37: 38 | M37: 1 | N37: 3/26/2025 1:03:18 PM
A38: HW356060_HM-LM_0min-1 | B38: Unknown | C38: N/A | D38: 1 | E38: 140000 | F38: 134000 | G38: 1.04 | I38: 0 | J38: 0 | K38: N/A | L38: 49 | M38: 1 | N38: 3/26/2025 1:06:47 PM
A39: HW356060_HM-LM_0min-2 | B39: Unknown | C39: N/A | D39: 1 | E39: 136000 | F39: 123000 | G39: 1.11 | I39: 0 | J39: 0 | K39: N/A | L39: 50 | M39: 1 | N39: 3/26/2025 1:10:14 PM
A40: Wash | B40: Unknown | C40: N/A | D40: 1 | E40: 0 | F40: 0 | G40: #DIV/0! | I40: 0 | J40: #DIV/0! | K40: N/A | L40: 20001 | M40: 1 | N40: 3/26/2025 1:13:42 PM
A41: Wash | B41: Unknown | C41: N/A | D41: 1 | E41: 0 | F41: 0 | G41: #DIV/0! | I41: 0 | J41: #DIV/0! | K41: N/A | L41: 20001 | M41: 1 | N41: 3/26/2025 1:17:07 PM
A42: HW356060_MK-LM_60min-1 | B42: Unknown | C42: N/A | D42: 1 | E42: 141000 | F42: 119000 | G42: 1.18 | I42: 0 | J42: 0 | K42: N/A | L42: 3 | M42: 1 | N42: 3/26/2025 1:20:36 PM
A43: HW356060_MK-LM_60min-2 | B43: Unknown | C43: N/A | D43: 1 | E43: 134000 | F43: 120000 | G43: 1.12 | I43: 0 | J43: 0 | K43: N/A | L43: 4 | M43: 1 | N43: 3/26/2025 1:24:04 PM
A44: HW356060_MK-LM_30min-1 | B44: Unknown | C44: N/A | D44: 1 | E44: 137000 | F44: 127000 | G44: 1.08 | I44: 0 | J44: 0 | K44: N/A | L44: 15 | M44: 1 | N44: 3/26/2025 1:27:32 PM
A45: HW356060_MK-LM_30min-2 | B45: Unknown | C45: N/A | D45: 1 | E45: 129000 | F45: 127000 | G45: 1.01 | I45: 0 | J45: 0 | K45: N/A | L45: 16 | M45: 1 | N45: 3/26/2025 1:31:01 PM
A46: HW356060_MK-LM_15min-1 | B46: Unknown | C46: N/A | D46: 1 | E46: 145000 | F46: 130000 | G46: 1.12 | I46: 0 | J46: 0 | K46: N/A | L46: 27 | M46: 1 | N46: 3/26/2025 1:34:29 PM
A47: HW356060_MK-LM_15min-2 | B47: Unknown | C47: N/A | D47: 1 | E47: 146000 | F47: 133000 | G47: 1.1 | I47: 0 | J47: 0 | K47: N/A | L47: 28 | M47: 1 | N47: 3/26/2025 1:37:57 PM
A48: HW356060_MK-LM_5min-1 | B48: Unknown | C48: N/A | D48: 1 | E48: 141000 | F48: 135000 | G48: 1.04 | I48: 0 | J48: 0 | K48: N/A | L48: 39 | M48: 1 | N48: 3/26/2025 1:41:26 PM
A49: HW356060_MK-LM_5min-2 | B49: Unknown | C49: N/A | D49: 1 | E49: 137000 | F49: 132000 | G49: 1.04 | I49: 0 | J49: 0 | K49: N/A | L49: 40 | M49: 1 | N49: 3/26/2025 1:44:54 PM
A50: HW356060_MK-LM_0min-1 | B50: Unknown | C50: N/A | D50: 1 | E50: 134000 | F50: 128000 | G50: 1.05 | I50: 0 | J50: 0 | K50: N/A | L50: 51 | M50: 1 | N50: 3/26/2025 1:48:23 PM
A51: HW356060_MK-LM_0min-2 | B51: Unknown | C51: N/A | D51: 1 | E51: 125000 | F51: 124000 | G51: 1.01 | I51: 0 | J51: 0 | K51: N/A | L51: 52 | M51: 1 | N51: 3/26/2025 1:51:51 PM
A52: Wash | B52: Unknown | C52: N/A | D52: 1 | E52: 0 | F52: 0 | G52: #DIV/0! | I52: 0 | J52: #DIV/0! | K52: N/A | L52: 20001 | M52: 1 | N52: 3/26/2025 1:55:19 PM
A53: Wash | B53: Unknown | C53: N/A | D53: 1 | E53: 0 | F53: 0 | G53: #DIV/0! | I53: 0 | J53: #DIV/0! | K53: N/A | L53: 20001 | M53: 1 | N53: 3/26/2025 1:58:43 PM
A54: HW356060_BD-LM_60min-1 | B54: Unknown | C54: N/A | D54: 1 | E54: 142000 | F54: 113000 | G54: 1.26 | I54: 0 | J54: 0 | K54: N/A | L54: 5 | M54: 1 | N54: 3/26/2025 2:02:13 PM
A55: HW356060_BD-LM_60min-2 | B55: Unknown | C55: N/A | D55: 1 | E55: 133000 | F55: 103000 | G55: 1.29 | I55: 0 | J55: 0 | K55: N/A | L55: 6 | M55: 1 | N55: 3/26/2025 2:05:42 PM
A56: HW356060_BD-LM_30min-1 | B56: Unknown | C56: N/A | D56: 1 | E56: 117000 | F56: 100000 | G56: 1.17 | I56: 0 | J56: 0 | K56: N/A | L56: 17 | M56: 1 | N56: 3/26/2025 2:09:11 PM
A57: HW356060_BD-LM_30min-2 | B57: Unknown | C57: N/A | D57: 1 | E57: 120000 | F57: 109000 | G57: 1.11 | I57: 0 | J57: 0 | K57: N/A | L57: 18 | M57: 1 | N57: 3/26/2025 2:12:39 PM
A58: HW356060_BD-LM_15min-1 | B58: Unknown | C58: N/A | D58: 1 | E58: 130000 | F58: 107000 | G58: 1.22 | I58: 0 | J58: 0 | K58: N/A | L58: 29 | M58: 1 | N58: 3/26/2025 2:16:07 PM
A59: HW356060_BD-LM_15min-2 | B59: Unknown | C59: N/A | D59: 1 | E59: 122000 | F59: 106000 | G59: 1.15 | I59: 0 | J59: 0 | K59: N/A | L59: 30 | M59: 1 | N59: 3/26/2025 2:19:36 PM
A60: HW356060_BD-LM_5min-1 | B60: Unknown | C60: N/A | D60: 1 | E60: 132000 | F60: 110000 | G60: 1.19 | I60: 0 | J60: 0 | K60: N/A | L60: 41 | M60: 1 | N60: 3/26/2025 2:23:04 PM
A61: HW356060_BD-LM_5min-2 | B61: Unknown | C61: N/A | D61: 1 | E61: 115000 | F61: 98800 | G61: 1.16 | I61: 0 | J61: 0 | K61: N/A | L61: 42 | M61: 1 | N61: 3/26/2025 2:26:33 PM
A62: HW356060_BD-LM_0min-1 | B62: Unknown | C62: N/A | D62: 1 | E62: 126000 | F62: 100000 | G62: 1.26 | I62: 0 | J62: 0 | K62: N/A | L62: 53 | M62: 1 | N62: 3/26/2025 2:30:01 PM
A63: HW356060_BD-LM_0min-2 | B63: Unknown | C63: N/A | D63: 1 | E63: 116000 | F63: 99900 | G63: 1.16 | I63: 0 | J63: 0 | K63: N/A | L63: 54 | M63: 1 | N63: 3/26/2025 2:33:30 PM
A64: Wash | B64: Unknown | C64: N/A | D64: 1 | E64: 0 | F64: 0 | G64: #DIV/0! | I64: 0 | J64: #DIV/0! | K64: N/A | L64: 20001 | M64: 1 | N64: 3/26/2025 2:36:58 PM
A65: Wash | B65: Unknown | C65: N/A | D65: 1 | E65: 0 | F65: 0 | G65: #DIV/0! | I65: 0 | J65: #DIV/0! | K65: N/A | L65: 20001 | M65: 1 | N65: 3/26/2025 2:40:22 PM
A66: HW356060_SR-LM_60min-1 | B66: Unknown | C66: N/A | D66: 1 | E66: 128000 | F66: 101000 | G66: 1.26 | I66: 0 | J66: 0 | K66: N/A | L66: 7 | M66: 1 | N66: 3/26/2025 2:43:49 PM
A67: HW356060_SR-LM_60min-2 | B67: Unknown | C67: N/A | D67: 1 | E67: 125000 | F67: 96500 | G67: 1.29 | I67: 0 | J67: 0 | K67: N/A | L67: 8 | M67: 1 | N67: 3/26/2025 2:47:20 PM
A68: HW356060_SR-LM_30min-1 | B68: Unknown | C68: N/A | D68: 1 | E68: 123000 | F68: 102000 | G68: 1.21 | I68: 0 | J68: 0 | K68: N/A | L68: 19 | M68: 1 | N68: 3/26/2025 2:50:48 PM
A69: HW356060_SR-LM_30min-2 | B69: Unknown | C69: N/A | D69: 1 | E69: 133000 | F69: 104000 | G69: 1.28 | I69: 0 | J69: 0 | K69: N/A | L69: 20 | M69: 1 | N69: 3/26/2025 2:54:17 PM
A70: HW356060_SR-LM_15min-1 | B70: Unknown | C70: N/A | D70: 1 | E70: 130000 | F70: 106000 | G70: 1.22 | I70: 0 | J70: 0 | K70: N/A | L70: 31 | M70: 1 | N70: 3/26/2025 2:57:45 PM
A71: HW356060_SR-LM_15min-2 | B71: Unknown | C71: N/A | D71: 1 | E71: 136000 | F71: 109000 | G71: 1.25 | I71: 0 | J71: 0 | K71: N/A | L71: 32 | M71: 1 | N71: 3/26/2025 3:01:13 PM
A72: HW356060_SR-LM_5min-1 | B72: Unknown | C72: N/A | D72: 1 | E72: 125000 | F72: 104000 | G72: 1.2 | I72: 0 | J72: 0 | K72: N/A | L72: 43 | M72: 1 | N72: 3/26/2025 3:04:42 PM
A73: HW356060_SR-LM_5min-2 | B73: Unknown | C73: N/A | D73: 1 | E73: 122000 | F73: 103000 | G73: 1.19 | I73: 0 | J73: 0 | K73: N/A | L73: 44 | M73: 1 | N73: 3/26/2025 3:08:11 PM
A74: HW356060_SR-LM_0min-1 | B74: Unknown | C74: N/A | D74: 1 | E74: 118000 | F74: 95900 | G74: 1.23 | I74: 0 | J74: 0 | K74: N/A | L74: 55 | M74: 1 | N74: 3/26/2025 3:11:39 PM
A75: HW356060_SR-LM_0min-2 | B75: Unknown | C75: N/A | D75: 1 | E75: 127000 | F75: 97300 | G75: 1.3 | I75: 0 | J75: 0 | K75: N/A | L75: 56 | M75: 1 | N75: 3/26/2025 3:15:08 PM
A76: Wash | B76: Unknown | C76: N/A | D76: 1 | E76: 0 | F76: 0 | G76: #DIV/0! | I76: 0 | J76: #DIV/0! | K76: N/A | L76: 20001 | M76: 1 | N76: 3/26/2025 3:18:36 PM
A77: Wash | B77: Unknown | C77: N/A | D77: 1 | E77: 0 | F77: 0 | G77: #DIV/0! | I77: 0 | J77: #DIV/0! | K77: N/A | L77: 20001 | M77: 1 | N77: 3/26/2025 3:22:00 PM
A78: HW356060_MU-LM_60min-1 | B78: Unknown | C78: N/A | D78: 1 | E78: 138000 | F78: 99500 | G78: 1.39 | I78: 0 | J78: 0 | K78: N/A | L78: 9 | M78: 1 | N78: 3/26/2025 3:25:28 PM
A79: HW356060_MU-LM_60min-2 | B79: Unknown | C79: N/A | D79: 1 | E79: 132000 | F79: 102000 | G79: 1.29 | I79: 0 | J79: 0 | K79: N/A | L79: 10 | M79: 1 | N79: 3/26/2025 3:28:57 PM
A80: HW356060_MU-LM_30min-1 | B80: Unknown | C80: N/A | D80: 1 | E80: 128000 | F80: 99500 | G80: 1.29 | I80: 0 | J80: 0 | K80: N/A | L80: 21 | M80: 1 | N80: 3/26/2025 3:32:27 PM
A81: HW356060_MU-LM_30min-2 | B81: Unknown | C81: N/A | D81: 1 | E81: 131000 | F81: 101000 | G81: 1.3 | I81: 0 | J81: 0 | K81: N/A | L81: 22 | M81: 1 | N81: 3/26/2025 3:35:56 PM
A82: HW356060_MU-LM_15min-1 | B82: Unknown | C82: N/A | D82: 1 | E82: 131000 | F82: 101000 | G82: 1.3 | I82: 0 | J82: 0 | K82: N/A | L82: 33 | M82: 1 | N82: 3/26/2025 3:39:25 PM
A83: HW356060_MU-LM_15min-2 | B83: Unknown | C83: N/A | D83: 1 | E83: 144000 | F83: 109000 | G83: 1.32 | I83: 0 | J83: 0 | K83: N/A | L83: 34 | M83: 1 | N83: 3/26/2025 3:42:54 PM
A84: HW356060_MU-LM_5min-1 | B84: Unknown | C84: N/A | D84: 1 | E84: 138000 | F84: 103000 | G84: 1.34 | I84: 0 | J84: 0 | K84: N/A | L84: 45 | M84: 1 | N84: 3/26/2025 3:46:23 PM
A85: HW356060_MU-LM_5min-2 | B85: Unknown | C85: N/A | D85: 1 | E85: 134000 | F85: 101000 | G85: 1.33 | I85: 0 | J85: 0 | K85: N/A | L85: 46 | M85: 1 | N85: 3/26/2025 3:49:52 PM
A86: HW356060_MU-LM_0min-1 | B86: Unknown | C86: N/A | D86: 1 | E86: 130000 | F86: 98700 | G86: 1.32 | I86: 0 | J86: 0 | K86: N/A | L86: 57 | M86: 1 | N86: 3/26/2025 3:53:20 PM
A87: HW356060_MU-LM_0min-2 | B87: Unknown | C87: N/A | D87: 1 | E87: 129000 | F87: 93400 | G87: 1.38 | I87: 0 | J87: 0 | K87: N/A | L87: 58 | M87: 1 | N87: 3/26/2025 3:56:48 PM
A92: Midazolam
A93: Peak Name: Ver
A94: Use as Internal Standard
A95: Q1/Q3 Masses: 455.20/165.10 Da
A96: Peak Name: Gli
A97: Use as Internal Standard
A98: Q1/Q3 Masses: 494.20/369.10 Da
A100: Peak Name: Midazolam-Ver
A101: Internal Standard: Ver
A102: Q1/Q3 Masses: 326.20/291.10 Da
A104: Fit | B104: Linear | C104: Weighting | D104: 1 / (x * x) | E104: Iterate | F104: No
A105: Error | B105: At least 2 points are required to calculate regression.
A106: Use Area
A108: Peak Name: Midazolam-Gli
A109: Internal Standard: Gli
A110: Q1/Q3 Masses: 326.20/291.10 Da
A112: Fit | B112: Linear | C112: Weighting | D112: 1 / (x * x) | E112: Iterate | F112: No
A113: Error | B113: At least 2 points are required to calculate regression.
A114: Use Area
A118: Sample Name | B118: Sample Type | C118: Analyte Concentration (nM) | D118: Dilution Factor | E118: Analyte Peak Area (counts) | F118: IS Peak Area (counts) | G118: Area Ratio | H118: Use Record | I118: Record Modified | J118: Calculated Concentration (nM) | K118: Accuracy (%) | L118: Vial Position | M118: Rack Position | N118: Acquisition Date
...

Sheet Analytical Method
B3: 液相分析条件
B4: Time | C4: B% | D4: Instrument | E4: LC-MS/MS (API4000: LC-MS-MS-009)
B5: 0.5 | C5: 15
B6: 1 | C6: 95 | D6: Phase A | E6: A：水（含0.1%甲酸）
B7: 1.8 | C7: =C6 -> 95 | D7: Phase B | E7: B：乙腈（含0.1%甲酸）
B8: 1.81 | C8: =C5 -> 15
B9: 3 | C9: stop | D9: Column | E9: Agilent ZORBAX XDB-C18, 5 μm, 2.1×50 mm (50-436)
B12: 质谱条件
B13: 名称 | C13: Q1 | D13: Q3 | E13: DP | F13: CE | G13: CXP
B14: =Summary!B10 -> HW356060 | C14: 603.1 | D14: 330 | E14: 60 | F14: 42 | G14: 15
B15: IS (Verapamil) | C15: 455.2 | D15: 165.1 | E15: 70 | F15: 39 | G15: 12
