Workbook

Sheet Signature
B4: Study Report
B8: Assay Name | C8: WRN(517-1238)_ATP preincubation_FI_IC50
B9: Assay Goal | C9: To assess the compounds inhibition on WRN (517-1238)_ATP preincubation
B10: Study Number | C10: RFP-2025032402
B12: Experiment Type | C12: 10 doses in duplicate, IC50
B13: Samples Receive Date | C13: 45741
B14: Experiment Date | C14: 45741
B15: Report Release Date | C15: 45741
B17: Assay Performed by | C17: Xuewei Wang
B18: Report Prepared by | C18: Xuewei Wang
B19: Report reviewer | C19: Jingxue Shi
B20: Report Approval | C20: Qiang Xia
B24: Submitted to | C24: 湖北生物医药产业技术研究院有限公司
B26: Submitted by | C26: ICE Bioscience InC.

Sheet Assay summary
A1: Assay date | B1: Assay name | C1: Compounds ID | D1: Bottom | E1: Top | F1: IC50 (nM) | G1: Hillslope | H1: Comment | I1: Compound state | J1: SOP # | K1: Scientist
A2: 2024/3/25 | B2: WRN(517-1238) FI assay_ATP preincubation | C2: ='Assay protocol'!C20 -> HW350003A | D2: =OFFSET(INDEX('Raw data analysis'!B:B,MATCH(C2,'Raw data analysis'!B:B,0)),2,5) -> -16.469494 | E2: =OFFSET(INDEX('Raw data analysis'!B:B,MATCH(C2,'Raw data analysis'!B:B,0)),2,6) -> 94.458194 | F2: =OFFSET(INDEX('Raw data analysis'!B:B,MATCH(C2,'Raw data analysis'!B:B,0)),2,7) -> 86.81258 | G2: =OFFSET(INDEX('Raw data analysis'!B:B,MATCH(C2,'Raw data analysis'!B:B,0)),2,8) -> 0.90388219 | H2: Reference | I2: clear | J2: SOP-BA-1240 | K2: Xuewei Wang
C3: ='Assay protocol'!C21 -> HW356057 | D3: =OFFSET(INDEX('Raw data analysis'!B:B,MATCH(C3,'Raw data analysis'!B:B,0)),2,5) -> -13.736449 | E3: =OFFSET(INDEX('Raw data analysis'!B:B,MATCH(C3,'Raw data analysis'!B:B,0)),2,6) -> 100 | F3: =OFFSET(INDEX('Raw data analysis'!B:B,MATCH(C3,'Raw data analysis'!B:B,0)),2,7) -> 839.72103 | G3: =OFFSET(INDEX('Raw data analysis'!B:B,MATCH(C3,'Raw data analysis'!B:B,0)),2,8) -> 0.67836634 | H3: Top fixed to 100 | I3: clear
C4: ='Assay protocol'!C22 -> HW356054 | D4: =OFFSET(INDEX('Raw data analysis'!B:B,MATCH(C4,'Raw data analysis'!B:B,0)),2,5) -> -4.4397821 | E4: =OFFSET(INDEX('Raw data analysis'!B:B,MATCH(C4,'Raw data analysis'!B:B,0)),2,6) -> 80.650389 | F4: =OFFSET(INDEX('Raw data analysis'!B:B,MATCH(C4,'Raw data analysis'!B:B,0)),2,7) -> 152.51782 | G4: =OFFSET(INDEX('Raw data analysis'!B:B,MATCH(C4,'Raw data analysis'!B:B,0)),2,8) -> 1.203836 | H4: / | I4: clear
C5: ='Assay protocol'!C23 -> HW356060 | D5: =OFFSET(INDEX('Raw data analysis'!B:B,MATCH(C5,'Raw data analysis'!B:B,0)),2,5) -> 0.61319841 | E5: =OFFSET(INDEX('Raw data analysis'!B:B,MATCH(C5,'Raw data analysis'!B:B,0)),2,6) -> 89.936753 | F5: =OFFSET(INDEX('Raw data analysis'!B:B,MATCH(C5,'Raw data analysis'!B:B,0)),2,7) -> 206.42241 | G5: =OFFSET(INDEX('Raw data analysis'!B:B,MATCH(C5,'Raw data analysis'!B:B,0)),2,8) -> 0.91668586 | H5: / | I5: clear
C6: ='Assay protocol'!C24 -> HW356064 | D6: =OFFSET(INDEX('Raw data analysis'!B:B,MATCH(C6,'Raw data analysis'!B:B,0)),2,5) -> -1.2983558 | E6: =OFFSET(INDEX('Raw data analysis'!B:B,MATCH(C6,'Raw data analysis'!B:B,0)),2,6) -> 92.678457 | F6: =OFFSET(INDEX('Raw data analysis'!B:B,MATCH(C6,'Raw data analysis'!B:B,0)),2,7) -> 173.08897 | G6: =OFFSET(INDEX('Raw data analysis'!B:B,MATCH(C6,'Raw data analysis'!B:B,0)),2,8) -> 1.2176413 | H6: / | I6: clear
C7: ='Assay protocol'!C25 -> HW356071 | D7: =OFFSET(INDEX('Raw data analysis'!B:B,MATCH(C7,'Raw data analysis'!B:B,0)),2,5) -> -10.260006 | E7: =OFFSET(INDEX('Raw data analysis'!B:B,MATCH(C7,'Raw data analysis'!B:B,0)),2,6) -> 86.62229 | F7: =OFFSET(INDEX('Raw data analysis'!B:B,MATCH(C7,'Raw data analysis'!B:B,0)),2,7) -> 226.57613 | G7: =OFFSET(INDEX('Raw data analysis'!B:B,MATCH(C7,'Raw data analysis'!B:B,0)),2,8) -> 1.0668095 | H7: / | I7: clear
C8: ='Assay protocol'!C26 -> HW356009-P1 | D8: =OFFSET(INDEX('Raw data analysis'!B:B,MATCH(C8,'Raw data analysis'!B:B,0)),2,5) -> -9.618994 | E8: =OFFSET(INDEX('Raw data analysis'!B:B,MATCH(C8,'Raw data analysis'!B:B,0)),2,6) -> 84.975464 | F8: =OFFSET(INDEX('Raw data analysis'!B:B,MATCH(C8,'Raw data analysis'!B:B,0)),2,7) -> 217.20957 | G8: =OFFSET(INDEX('Raw data analysis'!B:B,MATCH(C8,'Raw data analysis'!B:B,0)),2,8) -> 1.268738 | H8: / | I8: clear
C9: ='Assay protocol'!C27 -> HW356016 | D9: =OFFSET(INDEX('Raw data analysis'!B:B,MATCH(C9,'Raw data analysis'!B:B,0)),2,5) -> -14.107588 | E9: =OFFSET(INDEX('Raw data analysis'!B:B,MATCH(C9,'Raw data analysis'!B:B,0)),2,6) -> 84.263213 | F9: =OFFSET(INDEX('Raw data analysis'!B:B,MATCH(C9,'Raw data analysis'!B:B,0)),2,7) -> 661.06209 | G9: =OFFSET(INDEX('Raw data analysis'!B:B,MATCH(C9,'Raw data analysis'!B:B,0)),2,8) -> 0.93214332 | H9: / | I9: clear
C10: ='Assay protocol'!C28 -> HW356070 | D10: =OFFSET(INDEX('Raw data analysis'!O:O,MATCH(C10,'Raw data analysis'!O:O,0)),2,5) -> -14.841502 | E10: =OFFSET(INDEX('Raw data analysis'!O:O,MATCH(C10,'Raw data analysis'!O:O,0)),2,6) -> 86.190153 | F10: =OFFSET(INDEX('Raw data analysis'!O:O,MATCH(C10,'Raw data analysis'!O:O,0)),2,7) -> 263.92538 | G10: =OFFSET(INDEX('Raw data analysis'!O:O,MATCH(C10,'Raw data analysis'!O:O,0)),2,8) -> 0.96987181 | H10: / | I10: clear

Sheet Assay protocol
A2: Ⅰ | B2: Reagent, Consumables and Instruments
B4: Reagent | C4: Vendor | D4: Cat No.
B5: capture DNA | C5: ICE | D5: ICE-WDU-114
B6: dsDNA-secquence 2 | C6: ICE | D6: ICE-WDU-113
B7: WRN (517-1238) | C7: ICE | D7: S2212T-H56HZ
B8: ATP | C8: Ark Pharm | D8: Ak-54737
B9: Consumables | C9: Vendor | D9: Cat No.
B10: 96 Well Plates | C10: Nunc | D10: 249944
B11: 384-well plate | C11: Corning | D11: 4514
B12: Instrument | C12: Vendor | D12: Cat No.
B13: ECHO®655 SYSTEM | C13: LABCYTE | D13: 655
B14: Centrifuge | C14: Cence | D14: TDZ5-WS
B15: Microplate Reader | C15: BMG | D15: CLARIO Star Plusacu
A17: Ⅱ | B17: Compound Information and Treatment
B19: Entry | C19: Compound ID | D19: Stock Conc. (mM) | E19: Start Conc. (nM) | F19: Dilution folds
B20: R | C20: HW350003A | D20: 10 | E20: 10000 | F20: 3
B21: 1 | C21: HW356057 | D21: 20 | E21: 10000 | F21: 3
B22: 2 | C22: HW356054 | D22: 20 | E22: 10000 | F22: 3
B23: 3 | C23: HW356060 | D23: 20 | E23: 10000 | F23: 3
B24: 4 | C24: HW356064 | D24: 20 | E24: 10000 | F24: 3
B25: 5 | C25: HW356071 | D25: 20 | E25: 10000 | F25: 3
B26: 6 | C26: HW356009-P1 | D26: 20 | E26: 10000 | F26: 3
B27: 7 | C27: HW356016 | D27: 20 | E27: 10000 | F27: 3
B28: 8 | C28: HW356070 | D28: 20 | E28: 10000 | F28: 3
A30: Ⅲ | B30: Compounds Storage.
B32: All test compounds are provided by湖北生物医药产业技术研究院有限公司, and storaged in ICE.
A34: Ⅳ | B34: Reaction conditions
B36: Reaction ID | C36: WRN (517-1238) | D36: ATP | E36: dsDNA-secquence 2 | F36: capture DNA
B37: Work Conc. | C37: 5 nM | D37: 4 mM | E37: 100 nM | F37: 1 μM
A39: Ⅴ | B39: Experiment Procedure
A41: a) | B41: Add 60 μL compounds to 384-well dilution plate
A42: b) | B42: Dilute compounds 1:3 in succession in DMSO for each column for 10 pts (refer to dilution plate map)
A43: c) | B43: Transfer 0.15 μL diluted compounds solution in each row to 384 assay plate using Echo, each column containing 2 replicates (refer to assay plate map)
A44: d) | B44: Add 5 μL enzyme working solution containing 0.2 mM ATP to 384-well assay plate, and centrifuge at 1000 rpm for 1 min
A45: e) | B45: Incubate at 25℃ for 4 h
A46: f) | B46: Add 5 μL dsDNA-secquence 2 and capture DNA working solution, and centrifuge at 1000 rpm for 1 min
A47: g) | B47: Add 5 μL ATP working solution to initiate reaction , and centrifuge at 1000 rpm for 1 min
A48: h) | B48: Incubate at 25℃ for 30 min
A49: i) | B49: Reading Ex620 nm and Em685 nm fluorescence signals with BMG
A51: VI | B51: Data Analysis
A53: a) | B53: Percent inhibition(% inh) for compound well = 100*(ave Raw dataHigh control - Raw datacpd well)/(ave Raw dataHigh control - ave Raw dataLow control)
A54: b) | B54: Assay robustness check with Low control and High control data:
B55: High control: DMSO and Enzyme
B56: Low control: DMSO and Assay buffer
B57: S/B =ave Raw dataHigh control/ave Raw dataLow control,
B58: CV%(Low control)=100* (SD Raw dataLow control/ave Raw dataLow control)
B59: CV%(High control)=100*( SD Raw dataHigh control/ave Raw dataHigh control)
B60: Z’=1-3*(SD Raw dataLow control+ SD Raw dataHigh control)/(ave Raw dataHigh control- ave Raw dataLow control)
A61: c) | B61: Fit the cpd IC50 from non-linear regression equation by XLfit 5.5.0
B62: Y=Bottom + (Top-Bottom)/(1+10^((LogIC50-X)*HillSlope))
B63: X: Log of cpd concentration
B64: Y: Percent inhibition(% inh)
B65: Top and Bottom: Plateaus in same units as Y
B66: logIC50: same log units as X
B67: HillSlope: Slope factor or Hill slope
A69: Ⅶ | B69: Data Collection
B71: Data exported from BMG as an Excel file is uploaded into D:\B01Y202202-115\IBC\E3\WXW\湖北生物\WRN\20250325\RFP-2025032402

Sheet Raw data analysis
A3: Assay platemap | B3: 1 | C3: 2 | D3: 3 | E3: 4 | F3: 5 | G3: 6 | H3: 7 | I3: 8 | J3: 9 | K3: 10 | L3: 11 | M3: 12 | N3: 13 | O3: 14 | P3: 15 | Q3: 16 | R3: 17 | S3: 18 | T3: 19 | U3: 20 | V3: 21 | W3: 22 | X3: 23 | Y3: 24
A4: A | B4: Low Control | C4: Ref | D4: 10 points | M4: High Control | N4: Low Control | O4: Cmpd-8 | P4: 10 points | Y4: High Control
A5: B | B5: Low Control | M5: High Control | N5: Low Control | Y5: High Control
A6: C | B6: Low Control | C6: Cmpd-1 | D6: 10 points | M6: High Control
A7: D | B7: Low Control | M7: High Control
A8: E | B8: Low Control | C8: Cmpd-2 | D8: 10 points | M8: High Control
A9: F | B9: Low Control | M9: High Control
A10: G | B10: Low Control | C10: Cmpd-3 | D10: 10 points | M10: High Control
A11: H | B11: Low Control | M11: High Control
A12: I | B12: Low Control | C12: Cmpd-4 | D12: 10 points | M12: High Control
A13: J | B13: Low Control | M13: High Control
A14: K | B14: Low Control | C14: Cmpd-5 | D14: 10 points | M14: High Control
A15: L | B15: Low Control | M15: High Control
A16: M | B16: Low Control | C16: Cmpd-6 | D16: 10 points | M16: High Control
A17: N | B17: Low Control | M17: High Control
A18: O | B18: Low Control | C18: Cmpd-7 | D18: 10 points | M18: High Control
A19: P | B19: Low Control | M19: High Control
A21: Raw data | B21: 1 | C21: 2 | D21: 3 | E21: 4 | F21: 5 | G21: 6 | H21: 7 | I21: 8 | J21: 9 | K21: 10 | L21: 11 | M21: 12 | N21: 13 | O21: 14 | P21: 15 | Q21: 16 | R21: 17 | S21: 18 | T21: 19 | U21: 20 | V21: 21 | W21: 22 | X21: 23 | Y21: 24
A22: A | B22: 4402 | C22: 5785 | D22: 7099 | E22: 9251 | F22: 11861 | G22: 20044 | H22: 26369 | I22: 33594 | J22: 35686 | K22: 38656 | L22: 36632 | M22: 33110 | N22: 4356 | O22: 9144 | P22: 9757 | Q22: 14102 | R22: 19846 | S22: 26321 | T22: 33253 | U22: 35471 | V22: 37695 | W22: 39810 | X22: 34674 | Y22: 35623
A23: B | B23: 4276 | C23: 5922 | D23: 7573 | E23: 9404 | F23: 12025 | G23: 19296 | H23: 26801 | I23: 32195 | J23: 35074 | K23: 35285 | L23: 37771 | M23: 32206 | N23: 4300 | O23: 9480 | P23: 10108 | Q23: 14821 | R23: 21006 | S23: 28399 | T23: 33586 | U23: 34652 | V23: 37662 | W23: 36968 | X23: 35395 | Y23: 32909
A24: C | B24: 4250 | C24: 10462 | D24: 13352 | E24: 15753 | F24: 25646 | G24: 26480 | H24: 34462 | I24: 35330 | J24: 34170 | K24: 35969 | L24: 34959 | M24: 35278
A25: D | B25: 4493 | C25: 11083 | D25: 14849 | E25: 19122 | F25: 24247 | G25: 30622 | H25: 37157 | I25: 37225 | J25: 36620 | K25: 35925 | L25: 35711 | M25: 32150
A26: E | B26: 4304 | C26: 10831 | D26: 10285 | E26: 11470 | F26: 17413 | G26: 24052 | H26: 31382 | I26: 33762 | J26: 34754 | K26: 34668 | L26: 34804 | M26: 33611
A27: F | B27: 4109 | C27: 10594 | D27: 9426 | E27: 11395 | F27: 15529 | G27: 22723 | H27: 28954 | I27: 31410 | J27: 32394 | K27: 34862 | L27: 33080 | M27: 33640
A28: G | B28: 4350 | C28: 8266 | D28: 8704 | E28: 11680 | F28: 15354 | G28: 21069 | H28: 27795 | I28: 29917 | J28: 30881 | K28: 32408 | L28: 30908 | M28: 34574
A29: H | B29: 4199 | C29: 8176 | D29: 8921 | E29: 11134 | F29: 17769 | G29: 26152 | H29: 26809 | I29: 31332 | J29: 33033 | K29: 34217 | L29: 33378 | M29: 31068
A30: I | B30: 4290 | C30: 5806 | D30: 7463 | E30: 9480 | F30: 13579 | G30: 22628 | H30: 31582 | I30: 32373 | J30: 30380 | K30: 31930 | L30: 31912 | M30: 28022
A31: J | B31: 4246 | C31: 5771 | D31: 7335 | E31: 10316 | F31: 13387 | G31: 22319 | H31: 27410 | I31: 33543 | J31: 33169 | K31: 34672 | L31: 35022 | M31: 33207
A32: K | B32: 4353 | C32: 9041 | D32: 9742 | E32: 11648 | F32: 18214 | G32: 26623 | H32: 31893 | I32: 34965 | J32: 34231 | K32: 35874 | L32: 36187 | M32: 31892
A33: L | B33: 4194 | C33: 9014 | D33: 9207 | E33: 11951 | F33: 19288 | G33: 27149 | H33: 29293 | I33: 36898 | J33: 33785 | K33: 37818 | L33: 34875 | M33: 33932
A34: M | B34: 4312 | C34: 9006 | D34: 9423 | E34: 11510 | F34: 15987 | G34: 27428 | H34: 32755 | I34: 34897 | J34: 35631 | K34: 35838 | L34: 35591 | M34: 31897
A35: N | B35: 4300 | C35: 8927 | D35: 9387 | E35: 11379 | F35: 19262 | G35: 27124 | H35: 30962 | I35: 35815 | J35: 34881 | K35: 38386 | L35: 33195 | M35: 33004
... A37: P | B37: 4361 | C37: 10779 | D37: 13169 | E37: 19616 | F37: 27403 | G37: 30263 | H37: 34098 | I37: 38201 | J37: 34840 | K37: 39320 | L37: 35135 | M37: 33704
B38: AVE | C38: SD | D38: CV | E38: Z' | F38: S/B
A39: Low Control | B39: =AVERAGE(B22:B37,N22:N23) -> 4300.2778 | C39: =STDEVP(B22:B37,N22:N23) -> 83.028647 | D39: =C39/B39 -> 0.01930774 | E39: =1-3*(C39+C40)/(B40-B39) -> 0.81808733 | F39: =B40/B39 -> 7.6531361
A40: High Control | B40: =AVERAGE(M22:M37,Y22:Y23) -> 32910.611 | C40: =STDEVP(M22:M37,Y22:Y23) -> 1651.832 | D40: =C40/B40 -> 0.050191472
A42: Inhibition | B42: 1 | C42: 2 | D42: 3 | E42: 4 | F42: 5 | G42: 6 | H42: 7 | I42: 8 | J42: 9 | K42: 10 | L42: 11 | M42: 12 | N42: 13 | O42: 14 | P42: 15 | Q42: 16 | R42: 17 | S42: 18 | T42: 19 | U42: 20 | V42: 21 | W42: 22 | X42: 23 | Y42: 24
A43: ='Assay summary'!C2 -> HW350003A | C43: =($B$40-C22)/($B$40-$B$39)*100 -> 94.810539 | D43: =($B$40-D22)/($B$40-$B$39)*100 -> 90.217792 | E43: =($B$40-E22)/($B$40-$B$39)*100 -> 82.696034 | F43: =($B$40-F22)/($B$40-$B$39)*100 -> 73.573456 | G43: =($B$40-G22)/($B$40-$B$39)*100 -> 44.971902 | H43: =($B$40-H22)/($B$40-$B$39)*100 -> 22.864505 | I43: =($B$40-I22)/($B$40-$B$39)*100 -> -2.3886086 | J43: =($B$40-J22)/($B$40-$B$39)*100 -> -9.7006521 | ... L43: =($B$40-L22)/($B$40-$B$39)*100 -> -13.00715 | N43: ='Assay summary'!C10 -> HW356070 | O43: =($B$40-O22)/($B$40-$B$39)*100 -> 83.070025 | P43: =($B$40-P22)/($B$40-$B$39)*100 -> 80.927443 | Q43: =($B$40-Q22)/($B$40-$B$39)*100 -> 65.740622 | R43: =($B$40-R22)/($B$40-$B$39)*100 -> 45.66396 | S43: =($B$40-S22)/($B$40-$B$39)*100 -> 23.032277 | T43: =($B$40-T22)/($B$40-$B$39)*100 -> -1.1967316 | U43: =($B$40-U22)/($B$40-$B$39)*100 -> -8.9491753 | V43: =($B$40-V22)/($B$40-$B$39)*100 -> -16.722591 | ... X43: =($B$40-X22)/($B$40-$B$39)*100 -> -6.1634685
C44: =($B$40-C23)/($B$40-$B$39)*100 -> 94.331691 | D44: =($B$40-D23)/($B$40-$B$39)*100 -> 88.561048 | E44: =($B$40-E23)/($B$40-$B$39)*100 -> 82.161263 | F44: =($B$40-F23)/($B$40-$B$39)*100 -> 73.000237 | G44: =($B$40-G23)/($B$40-$B$39)*100 -> 47.586342 | H44: =($B$40-H23)/($B$40-$B$39)*100 -> 21.354561 | I44: =($B$40-I23)/($B$40-$B$39)*100 -> 2.501233 | J44: =($B$40-J23)/($B$40-$B$39)*100 -> -7.5615648 | ... L44: =($B$40-L23)/($B$40-$B$39)*100 -> -16.988229 | O44: =($B$40-O23)/($B$40-$B$39)*100 -> 81.895624 | P44: =($B$40-P23)/($B$40-$B$39)*100 -> 79.700613 | Q44: =($B$40-Q23)/($B$40-$B$39)*100 -> 63.227544 | R44: =($B$40-R23)/($B$40-$B$39)*100 -> 41.609481 | S44: =($B$40-S23)/($B$40-$B$39)*100 -> 15.769167 | T44: =($B$40-T23)/($B$40-$B$39)*100 -> -2.3606467 | U44: =($B$40-U23)/($B$40-$B$39)*100 -> -6.0865732 | V44: =($B$40-V23)/($B$40-$B$39)*100 -> -16.607248 | ... X44: =($B$40-X23)/($B$40-$B$39)*100 -> -8.683537
A45: ='Assay summary'!C3 -> HW356057 | C45: =($B$40-C24)/($B$40-$B$39)*100 -> 78.463298 | D45: =($B$40-D24)/($B$40-$B$39)*100 -> 68.362053 | E45: =($B$40-E24)/($B$40-$B$39)*100 -> 59.96998 | F45: =($B$40-F24)/($B$40-$B$39)*100 -> 25.391564 | G45: =($B$40-G24)/($B$40-$B$39)*100 -> 22.476533 | H45: =($B$40-H24)/($B$40-$B$39)*100 -> -5.4224775 | I45: =($B$40-I24)/($B$40-$B$39)*100 -> -8.4563464 | J45: =($B$40-J24)/($B$40-$B$39)*100 -> -4.4018672 | ... L45: =($B$40-L24)/($B$40-$B$39)*100 -> -7.1596121
C46: =($B$40-C25)/($B$40-$B$39)*100 -> 76.292754 | D46: =($B$40-D25)/($B$40-$B$39)*100 -> 63.129677 | E46: =($B$40-E25)/($B$40-$B$39)*100 -> 48.194514 | F46: =($B$40-F25)/($B$40-$B$39)*100 -> 30.281406 | G46: =($B$40-G25)/($B$40-$B$39)*100 -> 7.9992466 | H46: =($B$40-H25)/($B$40-$B$39)*100 -> -14.842151 | I46: =($B$40-I25)/($B$40-$B$39)*100 -> -15.079827 | J46: =($B$40-J25)/($B$40-$B$39)*100 -> -12.965207 | ... L46: =($B$40-L25)/($B$40-$B$39)*100 -> -9.7880331
A47: ='Assay summary'!C4 -> HW356054 | C47: =($B$40-C26)/($B$40-$B$39)*100 -> 77.173554 | D47: =($B$40-D26)/($B$40-$B$39)*100 -> 79.081956 | E47: =($B$40-E26)/($B$40-$B$39)*100 -> 74.940095 | F47: =($B$40-F26)/($B$40-$B$39)*100 -> 54.16788 | G47: =($B$40-G26)/($B$40-$B$39)*100 -> 30.962978 | H47: =($B$40-H26)/($B$40-$B$39)*100 -> 5.3428637 | I47: =($B$40-I26)/($B$40-$B$39)*100 -> -2.9758091 | J47: =($B$40-J26)/($B$40-$B$39)*100 -> -6.4430878 | ... L47: =($B$40-L26)/($B$40-$B$39)*100 -> -6.6178498
C48: =($B$40-C27)/($B$40-$B$39)*100 -> 78.001926 | D48: =($B$40-D27)/($B$40-$B$39)*100 -> 82.084367 | E48: =($B$40-E27)/($B$40-$B$39)*100 -> 75.202239 | F48: =($B$40-F27)/($B$40-$B$39)*100 -> 60.752914 | G48: =($B$40-G27)/($B$40-$B$39)*100 -> 35.608152 | H48: =($B$40-H27)/($B$40-$B$39)*100 -> 13.829308 | I48: =($B$40-I27)/($B$40-$B$39)*100 -> 5.244997 | J48: =($B$40-J27)/($B$40-$B$39)*100 -> 1.8056802 | ... L48: =($B$40-L27)/($B$40-$B$39)*100 -> -0.59205493
A49: ='Assay summary'!C5 -> HW356060 | C49: =($B$40-C28)/($B$40-$B$39)*100 -> 86.138846 | D49: =($B$40-D28)/($B$40-$B$39)*100 -> 84.607931 | E49: =($B$40-E28)/($B$40-$B$39)*100 -> 74.206095 | F49: =($B$40-F28)/($B$40-$B$39)*100 -> 61.364581 | G49: =($B$40-G28)/($B$40-$B$39)*100 -> 41.38928 | H49: =($B$40-H28)/($B$40-$B$39)*100 -> 17.880292 | I49: =($B$40-I28)/($B$40-$B$39)*100 -> 10.463391 | J49: =($B$40-J28)/($B$40-$B$39)*100 -> 7.0939793 | ... L49: =($B$40-L28)/($B$40-$B$39)*100 -> 6.9996078
C50: =($B$40-C29)/($B$40-$B$39)*100 -> 86.453418 | D50: =($B$40-D29)/($B$40-$B$39)*100 -> 83.849464 | E50: =($B$40-E29)/($B$40-$B$39)*100 -> 76.114496 | F50: =($B$40-F29)/($B$40-$B$39)*100 -> 52.923575 | G50: =($B$40-G29)/($B$40-$B$39)*100 -> 23.622972 | H50: =($B$40-H29)/($B$40-$B$39)*100 -> 21.326599 | I50: =($B$40-I29)/($B$40-$B$39)*100 -> 5.5176257 | J50: =($B$40-J29)/($B$40-$B$39)*100 -> -0.42777862 | ... L50: =($B$40-L29)/($B$40-$B$39)*100 -> -1.6336366
A51: ='Assay summary'!C6 -> HW356064 | C51: =($B$40-C30)/($B$40-$B$39)*100 -> 94.737138 | D51: =($B$40-D30)/($B$40-$B$39)*100 -> 88.945525 | E51: =($B$40-E30)/($B$40-$B$39)*100 -> 81.895624 | F51: =($B$40-F30)/($B$40-$B$39)*100 -> 67.568633 | G51: =($B$40-G30)/($B$40-$B$39)*100 -> 35.9402 | H51: =($B$40-H30)/($B$40-$B$39)*100 -> 4.6438156 | I51: =($B$40-I30)/($B$40-$B$39)*100 -> 1.8790802 | J51: =($B$40-J30)/($B$40-$B$39)*100 -> 8.8450948 | ... L51: =($B$40-L30)/($B$40-$B$39)*100 -> 3.4903861
C52: =($B$40-C31)/($B$40-$B$39)*100 -> 94.859472 | D52: =($B$40-D31)/($B$40-$B$39)*100 -> 89.392916 | E52: =($B$40-E31)/($B$40-$B$39)*100 -> 78.973603 | F52: =($B$40-F31)/($B$40-$B$39)*100 -> 68.239719 | G52: =($B$40-G31)/($B$40-$B$39)*100 -> 37.02023 | H52: =($B$40-H31)/($B$40-$B$39)*100 -> 19.22596 | I52: =($B$40-I31)/($B$40-$B$39)*100 -> -2.2103513 | J52: =($B$40-J31)/($B$40-$B$39)*100 -> -0.90313135 | ... L52: =($B$40-L31)/($B$40-$B$39)*100 -> -7.3798123
A53: ='Assay summary'!C7 -> HW356071 | C53: =($B$40-C32)/($B$40-$B$39)*100 -> 83.430035 | D53: =($B$40-D32)/($B$40-$B$39)*100 -> 80.979871 | E53: =($B$40-E32)/($B$40-$B$39)*100 -> 74.317943 | F53: =($B$40-F32)/($B$40-$B$39)*100 -> 51.368193 | G53: =($B$40-G32)/($B$40-$B$39)*100 -> 21.976714 | H53: =($B$40-H32)/($B$40-$B$39)*100 -> 3.5567957 | I53: =($B$40-I32)/($B$40-$B$39)*100 -> -7.1805835 | J53: =($B$40-J32)/($B$40-$B$39)*100 -> -4.6150769 | ... L53: =($B$40-L32)/($B$40-$B$39)*100 -> -11.451768
C54: =($B$40-C33)/($B$40-$B$39)*100 -> 83.524406 | D54: =($B$40-D33)/($B$40-$B$39)*100 -> 82.849825 | E54: =($B$40-E33)/($B$40-$B$39)*100 -> 73.258885 | F54: =($B$40-F33)/($B$40-$B$39)*100 -> 47.614304 | G54: =($B$40-G33)/($B$40-$B$39)*100 -> 20.138217 | H54: =($B$40-H33)/($B$40-$B$39)*100 -> 12.644421 | I54: =($B$40-I33)/($B$40-$B$39)*100 -> -13.936884 | J54: =($B$40-J33)/($B$40-$B$39)*100 -> -3.0561996 | ... L54: =($B$40-L33)/($B$40-$B$39)*100 -> -6.8660119
A55: ='Assay summary'!C8 -> HW356009-P1 | C55: =($B$40-C34)/($B$40-$B$39)*100 -> 83.552368 | D55: =($B$40-D34)/($B$40-$B$39)*100 -> 82.094853 | E55: =($B$40-E34)/($B$40-$B$39)*100 -> 74.800286 | F55: =($B$40-F34)/($B$40-$B$39)*100 -> 59.152093 | G55: =($B$40-G34)/($B$40-$B$39)*100 -> 19.163045 | H55: =($B$40-H34)/($B$40-$B$39)*100 -> 0.54389828 | I55: =($B$40-I34)/($B$40-$B$39)*100 -> -6.9429072 | J55: =($B$40-J34)/($B$40-$B$39)*100 -> -9.5084138 | ... L55: =($B$40-L34)/($B$40-$B$39)*100 -> -9.3686042
C56: =($B$40-C35)/($B$40-$B$39)*100 -> 83.828492 | D56: =($B$40-D35)/($B$40-$B$39)*100 -> 82.220682 | E56: =($B$40-E35)/($B$40-$B$39)*100 -> 75.258162 | F56: =($B$40-F35)/($B$40-$B$39)*100 -> 47.70518 | G56: =($B$40-G35)/($B$40-$B$39)*100 -> 20.225598 | H56: =($B$40-H35)/($B$40-$B$39)*100 -> 6.8108648 | I56: =($B$40-I35)/($B$40-$B$39)*100 -> -10.151538 | J56: =($B$40-J35)/($B$40-$B$39)*100 -> -6.8869833 | ... L56: =($B$40-L35)/($B$40-$B$39)*100 -> -0.9940076
A57: ='Assay summary'!C9 -> HW356016 | C57: =($B$40-C36)/($B$40-$B$39)*100 -> 76.072553 | D57: =($B$40-D36)/($B$40-$B$39)*100 -> 63.293954 | E57: =($B$40-E36)/($B$40-$B$39)*100 -> 52.004326 | F57: =($B$40-F36)/($B$40-$B$39)*100 -> 16.024319 | G57: =($B$40-G36)/($B$40-$B$39)*100 -> 3.7385482 | H57: =($B$40-H36)/($B$40-$B$39)*100 -> -6.9953358 | I57: =($B$40-I36)/($B$40-$B$39)*100 -> -13.664255 | J57: =($B$40-J36)/($B$40-$B$39)*100 -> -15.632075 | ... L57: =($B$40-L36)/($B$40-$B$39)*100 -> -17.169981
C58: =($B$40-C37)/($B$40-$B$39)*100 -> 77.355307 | D58: =($B$40-D37)/($B$40-$B$39)*100 -> 69.001682 | E58: =($B$40-E37)/($B$40-$B$39)*100 -> 46.467865 | F58: =($B$40-F37)/($B$40-$B$39)*100 -> 19.250426 | G58: =($B$40-G37)/($B$40-$B$39)*100 -> 9.254038 | H58: =($B$40-H37)/($B$40-$B$39)*100 -> -4.1502099 | I58: =($B$40-I37)/($B$40-$B$39)*100 -> -18.491182 | J58: =($B$40-J37)/($B$40-$B$39)*100 -> -6.7436785 | ... L58: =($B$40-L37)/($B$40-$B$39)*100 -> -7.7747745
B60: =B61&" in "&'Assay summary'!$B$2 -> HW350003A in WRN(517-1238) FI assay_ATP preincubation
B61: ='Assay summary'!C2 -> HW350003A | D61: Inhibition% | K61: =[1]!xf4_FitData("",[1]!xf4_SetModel("205"),[1]!xf4_SetParameters(0,FALSE,TRUE,100,FALSE,TRUE,1,FALSE,TRUE,0.1,FALSE,TRUE),[1]!xf4_SetData(B62,B63:B72,D61,E63:E72)) -> #Ok | O61: =O62&" in "&'Assay summary'!$B$2 -> HW356070 in WRN(517-1238) FI assay_ATP preincubation
B62: Conc (nM) | C62: Rep 1 | D62: Rep 2 | E62: Mean | F62: SD | G62: Bottom | H62: Top | I62: IC50 | J62: Hill Slope | K62: =[1]!xf4_Chart2D([1]!xf_Init()&[1]!xf_Title(B60)&[1]!xf_LabelX([1]!xf4_XLabel(K61))&[1]!xf_LabelY([1]!xf4_YLabel(K61))&[1]!xf_ScaleX(FALSE,0.05,100000,,TRUE)&[1]!xf_ScaleY(FALSE,-25,120,30,FALSE)&[1]!xf_Header(K63),[1]!xf4_C2DFit(K61,F63:F73,F63:F73)&[1]!xf4_C2DFitDetails(7,0,0.05,0,0.05)&[1]!xf4_C2DFitPoints(101,,,,1,-1)) -> #Ok | O62: ='Assay summary'!C10 -> HW356070 | Q62: Inhibition% | X62: =[1]!xf4_FitData("",[1]!xf4_SetModel("205"),[1]!xf4_SetParameters(0,FALSE,TRUE,100,FALSE,TRUE,1,FALSE,TRUE,0.1,FALSE,TRUE),[1]!xf4_SetData(O63,O64:O73,Q62,R64:R73)) -> #Ok
B63: =OFFSET(INDEX('Assay protocol'!C:C,MATCH(B61,'Assay protocol'!C:C,0)),0,2) -> 10000 | C63: =OFFSET(INDEX(A:A,MATCH(B61,A:A,0)),0,2) -> 94.810539 | D63: =OFFSET(INDEX(A:A,MATCH(B61,A:A,0)),1,2) -> 94.331691 | E63: =AVERAGE(C63:D63) -> 94.571115 | F63: =STDEV(C63:D63) -> 0.33859665 | G63: -16.469494 | H63: 94.458194 | I63: 86.81258 | J63: 0.90388219 | K63: =IF(I63<B63,I62&"="&ROUND(I63,1)&"nM",I62&">"&B63&"nM") -> IC50=86.8nM | O63: Conc (nM) | P63: Rep 1 | Q63: Rep 2 | R63: Mean | S63: SD | T63: Bottom | U63: Top | V63: IC50 | W63: Hill Slope | X63: =[1]!xf4_Chart2D([1]!xf_Init()&[1]!xf_Title(O61)&[1]!xf_LabelX([1]!xf4_XLabel(X62))&[1]!xf_LabelY([1]!xf4_YLabel(X62))&[1]!xf_ScaleX(FALSE,0.05,100000,,TRUE)&[1]!xf_ScaleY(FALSE,-29,120,30,FALSE)&[1]!xf_Header(X64),[1]!xf4_C2DFit(X62,S64:S74,S64:S74)&[1]!xf4_C2DFitDetails(7,0,0.05,0,0.05)&[1]!xf4_C2DFitPoints(101,,,,1,-1)) -> #Ok
B64: =B63/OFFSET(INDEX('Assay protocol'!C:C,MATCH(B61,'Assay protocol'!C:C,0)),0,3) -> 3333.3333 | C64: =OFFSET(INDEX(A:A,MATCH(B61,A:A,0)),0,3) -> 90.217792 | D64: =OFFSET(INDEX(A:A,MATCH(B61,A:A,0)),1,3) -> 88.561048 | E64: =AVERAGE(C64:D64) -> 89.38942 | F64: =STDEV(C64:D64) -> 1.171495 | O64: =OFFSET(INDEX('Assay protocol'!C:C,MATCH(O62,'Assay protocol'!C:C,0)),0,2) -> 10000 | P64: =OFFSET(INDEX(N:N,MATCH(O62,N:N,0)),0,1) -> 83.070025 | Q64: =OFFSET(INDEX(N:N,MATCH(O62,N:N,0)),1,1) -> 81.895624 | R64: =AVERAGE(P64:Q64) -> 82.482825 | S64: =STDEV(P64:Q64) -> 0.83042681 | T64: -14.841502 | U64: 86.190153 | V64: 263.92538 | W64: 0.96987181 | X64: =IF(V64<O64,V63&"="&ROUND(V64,0)&"nM",V63&">"&O64&"nM") -> IC50=264nM
B65: =B64/OFFSET(INDEX('Assay protocol'!C:C,MATCH(B61,'Assay protocol'!C:C,0)),0,3) -> 1111.1111 | C65: =OFFSET(INDEX(A:A,MATCH(B61,A:A,0)),0,4) -> 82.696034 | D65: =OFFSET(INDEX(A:A,MATCH(B61,A:A,0)),1,4) -> 82.161263 | E65: =AVERAGE(C65:D65) -> 82.428649 | F65: =STDEV(C65:D65) -> 0.37814078 | O65: =O64/OFFSET(INDEX('Assay protocol'!C:C,MATCH(O62,'Assay protocol'!C:C,0)),0,3) -> 3333.3333 | P65: =OFFSET(INDEX(N:N,MATCH(O62,N:N,0)),0,2) -> 80.927443 | Q65: =OFFSET(INDEX(N:N,MATCH(O62,N:N,0)),1,2) -> 79.700613 | R65: =AVERAGE(P65:Q65) -> 80.314028 | S65: =STDEV(P65:Q65) -> 0.86749944
B66: =B65/OFFSET(INDEX('Assay protocol'!C:C,MATCH(B61,'Assay protocol'!C:C,0)),0,3) -> 370.37037 | C66: =OFFSET(INDEX(A:A,MATCH(B61,A:A,0)),0,5) -> 73.573456 | D66: =OFFSET(INDEX(A:A,MATCH(B61,A:A,0)),1,5) -> 73.000237 | E66: =AVERAGE(C66:D66) -> 73.286847 | F66: =STDEV(C66:D66) -> 0.40532737 | O66: =O65/OFFSET(INDEX('Assay protocol'!C:C,MATCH(O62,'Assay protocol'!C:C,0)),0,3) -> 1111.1111 | P66: =OFFSET(INDEX(N:N,MATCH(O62,N:N,0)),0,3) -> 65.740622 | Q66: =OFFSET(INDEX(N:N,MATCH(O62,N:N,0)),1,3) -> 63.227544 | R66: =AVERAGE(P66:Q66) -> 64.484083 | S66: =STDEV(P66:Q66) -> 1.7770145
B67: =B66/OFFSET(INDEX('Assay protocol'!C:C,MATCH(B61,'Assay protocol'!C:C,0)),0,3) -> 123.45679 | C67: =OFFSET(INDEX(A:A,MATCH(B61,A:A,0)),0,6) -> 44.971902 | D67: =OFFSET(INDEX(A:A,MATCH(B61,A:A,0)),1,6) -> 47.586342 | E67: =AVERAGE(C67:D67) -> 46.279122 | F67: =STDEV(C67:D67) -> 1.8486883 | O67: =O66/OFFSET(INDEX('Assay protocol'!C:C,MATCH(O62,'Assay protocol'!C:C,0)),0,3) -> 370.37037 | P67: =OFFSET(INDEX(N:N,MATCH(O62,N:N,0)),0,4) -> 45.66396 | Q67: =OFFSET(INDEX(N:N,MATCH(O62,N:N,0)),1,4) -> 41.609481 | R67: =AVERAGE(P67:Q67) -> 43.63672 | S67: =STDEV(P67:Q67) -> 2.8669497
B68: =B67/OFFSET(INDEX('Assay protocol'!C:C,MATCH(B61,'Assay protocol'!C:C,0)),0,3) -> 41.152263 | C68: =OFFSET(INDEX(A:A,MATCH(B61,A:A,0)),0,7) -> 22.864505 | D68: =OFFSET(INDEX(A:A,MATCH(B61,A:A,0)),1,7) -> 21.354561 | E68: =AVERAGE(C68:D68) -> 22.109533 | F68: =STDEV(C68:D68) -> 1.0676916 | O68: =O67/OFFSET(INDEX('Assay protocol'!C:C,MATCH(O62,'Assay protocol'!C:C,0)),0,3) -> 123.45679 | P68: =OFFSET(INDEX(N:N,MATCH(O62,N:N,0)),0,5) -> 23.032277 | Q68: =OFFSET(INDEX(N:N,MATCH(O62,N:N,0)),1,5) -> 15.769167 | R68: =AVERAGE(P68:Q68) -> 19.400722 | S68: =STDEV(P68:Q68) -> 5.1357944
B69: =B68/OFFSET(INDEX('Assay protocol'!C:C,MATCH(B61,'Assay protocol'!C:C,0)),0,3) -> 13.717421 | C69: =OFFSET(INDEX(A:A,MATCH(B61,A:A,0)),0,8) -> -2.3886086 | D69: =OFFSET(INDEX(A:A,MATCH(B61,A:A,0)),1,8) -> 2.501233 | E69: =AVERAGE(C69:D69) -> 0.05631221 | F69: =STDEV(C69:D69) -> 3.4576402 | O69: =O68/OFFSET(INDEX('Assay protocol'!C:C,MATCH(O62,'Assay protocol'!C:C,0)),0,3) -> 41.152263 | P69: =OFFSET(INDEX(N:N,MATCH(O62,N:N,0)),0,6) -> -1.1967316 | Q69: =OFFSET(INDEX(N:N,MATCH(O62,N:N,0)),1,6) -> -2.3606467 | R69: =AVERAGE(P69:Q69) -> -1.7786891 | S69: =STDEV(P69:Q69) -> 0.82301229
B70: =B69/OFFSET(INDEX('Assay protocol'!C:C,MATCH(B61,'Assay protocol'!C:C,0)),0,3) -> 4.5724737 | C70: =OFFSET(INDEX(A:A,MATCH(B61,A:A,0)),0,9) -> -9.7006521 | D70: =OFFSET(INDEX(A:A,MATCH(B61,A:A,0)),1,9) -> -7.5615648 | E70: =AVERAGE(C70:D70) -> -8.6311084 | F70: =STDEV(C70:D70) -> 1.5125631 | O70: =O69/OFFSET(INDEX('Assay protocol'!C:C,MATCH(O62,'Assay protocol'!C:C,0)),0,3) -> 13.717421 | P70: =OFFSET(INDEX(N:N,MATCH(O62,N:N,0)),0,7) -> -8.9491753 | Q70: =OFFSET(INDEX(N:N,MATCH(O62,N:N,0)),1,7) -> -6.0865732 | R70: =AVERAGE(P70:Q70) -> -7.5178743 | S70: =STDEV(P70:Q70) -> 2.0241653
B71: =B70/OFFSET(INDEX('Assay protocol'!C:C,MATCH(B61,'Assay protocol'!C:C,0)),0,3) -> 1.5241579 | C71: =OFFSET(INDEX(A:A,MATCH(B61,A:A,0)),0,10) -> -20.081517 | D71: =OFFSET(INDEX(A:A,MATCH(B61,A:A,0)),1,10) -> -8.2990606 | E71: =AVERAGE(C71:D71) -> -14.190289 | F71: =STDEV(C71:D71) -> 8.3314547 | O71: =O70/OFFSET(INDEX('Assay protocol'!C:C,MATCH(O62,'Assay protocol'!C:C,0)),0,3) -> 4.5724737 | P71: =OFFSET(INDEX(N:N,MATCH(O62,N:N,0)),0,8) -> -16.722591 | Q71: =OFFSET(INDEX(N:N,MATCH(O62,N:N,0)),1,8) -> -16.607248 | R71: =AVERAGE(P71:Q71) -> -16.664919 | S71: =STDEV(P71:Q71) -> 0.081559776
B72: =B71/OFFSET(INDEX('Assay protocol'!C:C,MATCH(B61,'Assay protocol'!C:C,0)),0,3) -> 0.50805263 | C72: =OFFSET(INDEX(A:A,MATCH(B61,A:A,0)),0,11) -> -13.00715 | D72: =OFFSET(INDEX(A:A,MATCH(B61,A:A,0)),1,11) -> -16.988229 | E72: =AVERAGE(C72:D72) -> -14.997689 | F72: =STDEV(C72:D72) -> 2.815048 | O72: =O71/OFFSET(INDEX('Assay protocol'!C:C,MATCH(O62,'Assay protocol'!C:C,0)),0,3) -> 1.5241579 | P72: =OFFSET(INDEX(N:N,MATCH(O62,N:N,0)),0,9) -> -24.115024 | Q72: =OFFSET(INDEX(N:N,MATCH(O62,N:N,0)),1,9) -> -14.181551 | R72: =AVERAGE(P72:Q72) -> -19.148288 | S72: =STDEV(P72:Q72) -> 7.0240268
O73: =O72/OFFSET(INDEX('Assay protocol'!C:C,MATCH(O62,'Assay protocol'!C:C,0)),0,3) -> 0.50805263 | P73: =OFFSET(INDEX(N:N,MATCH(O62,N:N,0)),0,10) -> -6.1634685 | Q73: =OFFSET(INDEX(N:N,MATCH(O62,N:N,0)),1,10) -> -8.683537 | R73: =AVERAGE(P73:Q73) -> -7.4235028 | S73: =STDEV(P73:Q73) -> 1.7819575
B75: =B76&" in "&'Assay summary'!$B$2 -> HW356057 in WRN(517-1238) FI assay_ATP preincubation
B76: ='Assay summary'!C3 -> HW356057 | D76: Inhibition% | K76: =[1]!xf4_FitData("",[1]!xf4_SetModel("205"),[1]!xf4_SetParameters(0,FALSE,TRUE,100,TRUE,FALSE,1,FALSE,TRUE,0.1,FALSE,TRUE),[1]!xf4_SetData(B77,B78:B87,D76,E78:E87)) -> #Ok
B77: Conc (nM) | C77: Rep 1 | D77: Rep 2 | E77: Mean | F77: SD | G77: Bottom | H77: Top | I77: IC50 | J77: Hill Slope | K77: =[1]!xf4_Chart2D([1]!xf_Init()&[1]!xf_Title(B75)&[1]!xf_LabelX([1]!xf4_XLabel(K76))&[1]!xf_LabelY([1]!xf4_YLabel(K76))&[1]!xf_ScaleX(FALSE,0.05,100000,,TRUE)&[1]!xf_ScaleY(FALSE,-20,120,30,FALSE)&[1]!xf_Header(K78),[1]!xf4_C2DFit(K76,F78:F88,F78:F88)&[1]!xf4_C2DFitDetails(7,0,0.05,0,0.05)&[1]!xf4_C2DFitPoints(101,,,,1,-1)) -> #Ok
B78: =OFFSET(INDEX('Assay protocol'!C:C,MATCH(B76,'Assay protocol'!C:C,0)),0,2) -> 10000 | C78: =OFFSET(INDEX(A:A,MATCH(B76,A:A,0)),0,2) -> 78.463298 | D78: =OFFSET(INDEX(A:A,MATCH(B76,A:A,0)),1,2) -> 76.292754 | E78: =AVERAGE(C78:D78) -> 77.378026 | F78: =STDEV(C78:D78) -> 1.5348067 | G78: -13.736449 | H78: 100 | I78: 839.72103 | J78: 0.67836634 | K78: =IF(I78<B78,I77&"="&ROUND(I78,0)&"nM",I77&">"&B78&"nM") -> IC50=840nM
B79: =B78/OFFSET(INDEX('Assay protocol'!C:C,MATCH(B76,'Assay protocol'!C:C,0)),0,3) -> 3333.3333 | C79: =OFFSET(INDEX(A:A,MATCH(B76,A:A,0)),0,3) -> 68.362053 | D79: =OFFSET(INDEX(A:A,MATCH(B76,A:A,0)),1,3) -> 63.129677 | E79: =AVERAGE(C79:D79) -> 65.745865 | F79: =STDEV(C79:D79) -> 3.699848
B80: =B79/OFFSET(INDEX('Assay protocol'!C:C,MATCH(B76,'Assay protocol'!C:C,0)),0,3) -> 1111.1111 | C80: =OFFSET(INDEX(A:A,MATCH(B76,A:A,0)),0,4) -> 59.96998 | D80: =OFFSET(INDEX(A:A,MATCH(B76,A:A,0)),1,4) -> 48.194514 | E80: =AVERAGE(C80:D80) -> 54.082247 | F80: =STDEV(C80:D80) -> 8.3265117
B81: =B80/OFFSET(INDEX('Assay protocol'!C:C,MATCH(B76,'Assay protocol'!C:C,0)),0,3) -> 370.37037 | C81: =OFFSET(INDEX(A:A,MATCH(B76,A:A,0)),0,5) -> 25.391564 | D81: =OFFSET(INDEX(A:A,MATCH(B76,A:A,0)),1,5) -> 30.281406 | E81: =AVERAGE(C81:D81) -> 27.836485 | F81: =STDEV(C81:D81) -> 3.4576402
B82: =B81/OFFSET(INDEX('Assay protocol'!C:C,MATCH(B76,'Assay protocol'!C:C,0)),0,3) -> 123.45679 | C82: =OFFSET(INDEX(A:A,MATCH(B76,A:A,0)),0,6) -> 22.476533 | D82: =OFFSET(INDEX(A:A,MATCH(B76,A:A,0)),1,6) -> 7.9992466 | E82: =AVERAGE(C82:D82) -> 15.23789 | F82: =STDEV(C82:D82) -> 10.236988
B83: =B82/OFFSET(INDEX('Assay protocol'!C:C,MATCH(B76,'Assay protocol'!C:C,0)),0,3) -> 41.152263 | C83: =OFFSET(INDEX(A:A,MATCH(B76,A:A,0)),0,7) -> -5.4224775 | D83: =OFFSET(INDEX(A:A,MATCH(B76,A:A,0)),1,7) -> -14.842151 | E83: =AVERAGE(C83:D83) -> -10.132314 | F83: =STDEV(C83:D83) -> 6.660715
B84: =B83/OFFSET(INDEX('Assay protocol'!C:C,MATCH(B76,'Assay protocol'!C:C,0)),0,3) -> 13.717421 | C84: =OFFSET(INDEX(A:A,MATCH(B76,A:A,0)),0,8) -> -8.4563464 | D84: =OFFSET(INDEX(A:A,MATCH(B76,A:A,0)),1,8) -> -15.079827 | E84: =AVERAGE(C84:D84) -> -11.768087 | F84: =STDEV(C84:D84) -> 4.6835083
B85: =B84/OFFSET(INDEX('Assay protocol'!C:C,MATCH(B76,'Assay protocol'!C:C,0)),0,3) -> 4.5724737 | C85: =OFFSET(INDEX(A:A,MATCH(B76,A:A,0)),0,9) -> -4.4018672 | D85: =OFFSET(INDEX(A:A,MATCH(B76,A:A,0)),1,9) -> -12.965207 | E85: =AVERAGE(C85:D85) -> -8.683537 | F85: =STDEV(C85:D85) -> 6.0551955
B86: =B85/OFFSET(INDEX('Assay protocol'!C:C,MATCH(B76,'Assay protocol'!C:C,0)),0,3) -> 1.5241579 | C86: =OFFSET(INDEX(A:A,MATCH(B76,A:A,0)),0,10) -> -10.689805 | D86: =OFFSET(INDEX(A:A,MATCH(B76,A:A,0)),1,10) -> -10.536015 | E86: =AVERAGE(C86:D86) -> -10.61291 | F86: =STDEV(C86:D86) -> 0.10874637
B87: =B86/OFFSET(INDEX('Assay protocol'!C:C,MATCH(B76,'Assay protocol'!C:C,0)),0,3) -> 0.50805263 | C87: =OFFSET(INDEX(A:A,MATCH(B76,A:A,0)),0,11) -> -7.1596121 | D87: =OFFSET(INDEX(A:A,MATCH(B76,A:A,0)),1,11) -> -9.7880331 | E87: =AVERAGE(C87:D87) -> -8.4738226 | F87: =STDEV(C87:D87) -> 1.8585743
B90: =B91&" in "&'Assay summary'!$B$2 -> HW356054 in WRN(517-1238) FI assay_ATP preincubation
B91: ='Assay summary'!C4 -> HW356054 | D91: Inhibition% | K91: =[1]!xf4_FitData("",[1]!xf4_SetModel("205"),[1]!xf4_SetParameters(0,FALSE,TRUE,100,FALSE,TRUE,1,FALSE,TRUE,0.1,FALSE,TRUE),[1]!xf4_SetData(B92,B93:B103,D91,E93:E103)) -> #Ok
B92: Conc (nM) | C92: Rep 1 | D92: Rep 2 | E92: Mean | F92: SD | G92: Bottom | H92: Top | I92: IC50 | J92: Hill Slope | K92: =[1]!xf4_Chart2D([1]!xf_Init()&[1]!xf_Title(B90)&[1]!xf_LabelX([1]!xf4_XLabel(K91))&[1]!xf_LabelY([1]!xf4_YLabel(K91))&[1]!xf_ScaleX(FALSE,0.05,100000,,TRUE)&[1]!xf_ScaleY(FALSE,-20,120,30,FALSE)&[1]!xf_Header(K93),[1]!xf4_C2DFit(K91,F93:F103,F93:F103)&[1]!xf4_C2DFitDetails(7,0,0.05,0,0.05)&[1]!xf4_C2DFitPoints(101,,,,1,-1)) -> #Ok
B93: =OFFSET(INDEX('Assay protocol'!C:C,MATCH(B91,'Assay protocol'!C:C,0)),0,2) -> 10000 | C93: =OFFSET(INDEX(A:A,MATCH(B91,A:A,0)),0,2) -> 77.173554 | D93: =OFFSET(INDEX(A:A,MATCH(B91,A:A,0)),1,2) -> 78.001926 | E93: =AVERAGE(C93:D93) -> 77.58774 | F93: =STDEV(C93:D93) -> 0.58574748 | G93: -4.4397821 | H93: 80.650389 | I93: 152.51782 | J93: 1.203836 | K93: =IF(I93<B93,I92&"="&ROUND(I93,0)&"nM",I92&">"&B93&"nM") -> IC50=153nM
B94: =B93/OFFSET(INDEX('Assay protocol'!C:C,MATCH(B91,'Assay protocol'!C:C,0)),0,3) -> 3333.3333 | C94: =OFFSET(INDEX(A:A,MATCH(B91,A:A,0)),0,3) -> 79.081956 | D94: =OFFSET(INDEX(A:A,MATCH(B91,A:A,0)),1,3) -> 82.084367 | E94: =AVERAGE(C94:D94) -> 80.583161 | F94: =STDEV(C94:D94) -> 2.1230257
B95: =B94/OFFSET(INDEX('Assay protocol'!C:C,MATCH(B91,'Assay protocol'!C:C,0)),0,3) -> 1111.1111 | C95: =OFFSET(INDEX(A:A,MATCH(B91,A:A,0)),0,4) -> 74.940095 | D95: =OFFSET(INDEX(A:A,MATCH(B91,A:A,0)),1,4) -> 75.202239 | E95: =AVERAGE(C95:D95) -> 75.071167 | F95: =STDEV(C95:D95) -> 0.18536313
B96: =B95/OFFSET(INDEX('Assay protocol'!C:C,MATCH(B91,'Assay protocol'!C:C,0)),0,3) -> 370.37037 | C96: =OFFSET(INDEX(A:A,MATCH(B91,A:A,0)),0,5) -> 54.16788 | D96: =OFFSET(INDEX(A:A,MATCH(B91,A:A,0)),1,5) -> 60.752914 | E96: =AVERAGE(C96:D96) -> 57.460397 | F96: =STDEV(C96:D96) -> 4.6563218
B97: =B96/OFFSET(INDEX('Assay protocol'!C:C,MATCH(B91,'Assay protocol'!C:C,0)),0,3) -> 123.45679 | C97: =OFFSET(INDEX(A:A,MATCH(B91,A:A,0)),0,6) -> 30.962978 | D97: =OFFSET(INDEX(A:A,MATCH(B91,A:A,0)),1,6) -> 35.608152 | E97: =AVERAGE(C97:D97) -> 33.285565 | F97: =STDEV(C97:D97) -> 3.2846346
B98: =B97/OFFSET(INDEX('Assay protocol'!C:C,MATCH(B91,'Assay protocol'!C:C,0)),0,3) -> 41.152263 | C98: =OFFSET(INDEX(A:A,MATCH(B91,A:A,0)),0,7) -> 5.3428637 | D98: =OFFSET(INDEX(A:A,MATCH(B91,A:A,0)),1,7) -> 13.829308 | E98: =AVERAGE(C98:D98) -> 9.5860858 | F98: =STDEV(C98:D98) -> 6.0008223
B99: =B98/OFFSET(INDEX('Assay protocol'!C:C,MATCH(B91,'Assay protocol'!C:C,0)),0,3) -> 13.717421 | C99: =OFFSET(INDEX(A:A,MATCH(B91,A:A,0)),0,8) -> -2.9758091 | D99: =OFFSET(INDEX(A:A,MATCH(B91,A:A,0)),1,8) -> 5.244997 | E99: =AVERAGE(C99:D99) -> 1.134594 | F99: =STDEV(C99:D99) -> 5.8129877
B100: =B99/OFFSET(INDEX('Assay protocol'!C:C,MATCH(B91,'Assay protocol'!C:C,0)),0,3) -> 4.5724737 | C100: =OFFSET(INDEX(A:A,MATCH(B91,A:A,0)),0,9) -> -6.4430878 | D100: =OFFSET(INDEX(A:A,MATCH(B91,A:A,0)),1,9) -> 1.8056802 | E100: =AVERAGE(C100:D100) -> -2.3187038 | F100: =STDEV(C100:D100) -> 5.8327597
B101: =B100/OFFSET(INDEX('Assay protocol'!C:C,MATCH(B91,'Assay protocol'!C:C,0)),0,3) -> 1.5241579 | C101: =OFFSET(INDEX(A:A,MATCH(B91,A:A,0)),0,10) -> -6.1424971 | D101: =OFFSET(INDEX(A:A,MATCH(B91,A:A,0)),1,10) -> -6.8205738 | E101: =AVERAGE(C101:D101) -> -6.4815354 | F101: =STDEV(C101:D101) -> 0.47947262
B102: =B101/OFFSET(INDEX('Assay protocol'!C:C,MATCH(B91,'Assay protocol'!C:C,0)),0,3) -> 0.50805263 | C102: =OFFSET(INDEX(A:A,MATCH(B91,A:A,0)),0,11) -> -6.6178498 | D102: =OFFSET(INDEX(A:A,MATCH(B91,A:A,0)),1,11) -> -0.59205493 | E102: =AVERAGE(C102:D102) -> -3.6049524 | F102: =STDEV(C102:D102) -> 4.2608804
B105: =B106&" in "&'Assay summary'!$B$2 -> HW356060 in WRN(517-1238) FI assay_ATP preincubation
B106: ='Assay summary'!C5 -> HW356060 | D106: Inhibition% | K106: =[1]!xf4_FitData("",[1]!xf4_SetModel("205"),[1]!xf4_SetParameters(0,FALSE,TRUE,100,FALSE,TRUE,1,FALSE,TRUE,0.1,FALSE,TRUE),[1]!xf4_SetData(B107,B108:B118,D106,E108:E118)) -> #Ok
B107: Conc (nM) | C107: Rep 1 | D107: Rep 2 | E107: Mean | F107: SD | G107: Bottom | H107: Top | I107: IC50 | J107: Hill Slope | K107: =[1]!xf4_Chart2D([1]!xf_Init()&[1]!xf_Title(B105)&[1]!xf_LabelX([1]!xf4_XLabel(K106))&[1]!xf_LabelY([1]!xf4_YLabel(K106))&[1]!xf_ScaleX(FALSE,0.05,100000,,TRUE)&[1]!xf_ScaleY(FALSE,-20,120,30,FALSE)&[1]!xf_Header(K108),[1]!xf4_C2DFit(K106,F108:F118,F108:F118)&[1]!xf4_C2DFitDetails(7,0,0.05,0,0.05)&[1]!xf4_C2DFitPoints(101,,,,1,-1)) -> #Ok
B108: =OFFSET(INDEX('Assay protocol'!C:C,MATCH(B106,'Assay protocol'!C:C,0)),0,2) -> 10000 | C108: =OFFSET(INDEX(A:A,MATCH(B106,A:A,0)),0,2) -> 86.138846 | D108: =OFFSET(INDEX(A:A,MATCH(B106,A:A,0)),1,2) -> 86.453418 | E108: =AVERAGE(C108:D108) -> 86.296132 | F108: =STDEV(C108:D108) -> 0.22243575 | G108: 0.61319841 | H108: 89.936753 | I108: 206.42241 | J108: 0.91668586 | K108: =IF(I108<B108,I107&"="&ROUND(I108,0)&"nM",I107&">"&B108&"nM") -> IC50=206nM
B109: =B108/OFFSET(INDEX('Assay protocol'!C:C,MATCH(B106,'Assay protocol'!C:C,0)),0,3) -> 3333.3333 | C109: =OFFSET(INDEX(A:A,MATCH(B106,A:A,0)),0,3) -> 84.607931 | D109: =OFFSET(INDEX(A:A,MATCH(B106,A:A,0)),1,3) -> 83.849464 | E109: =AVERAGE(C109:D109) -> 84.228697 | F109: =STDEV(C109:D109) -> 0.53631731
B110: =B109/OFFSET(INDEX('Assay protocol'!C:C,MATCH(B106,'Assay protocol'!C:C,0)),0,3) -> 1111.1111 | C110: =OFFSET(INDEX(A:A,MATCH(B106,A:A,0)),0,4) -> 74.206095 | D110: =OFFSET(INDEX(A:A,MATCH(B106,A:A,0)),1,4) -> 76.114496 | E110: =AVERAGE(C110:D110) -> 75.160296 | F110: =STDEV(C110:D110) -> 1.3494436
B111: =B110/OFFSET(INDEX('Assay protocol'!C:C,MATCH(B106,'Assay protocol'!C:C,0)),0,3) -> 370.37037 | C111: =OFFSET(INDEX(A:A,MATCH(B106,A:A,0)),0,5) -> 61.364581 | D111: =OFFSET(INDEX(A:A,MATCH(B106,A:A,0)),1,5) -> 52.923575 | E111: =AVERAGE(C111:D111) -> 57.144078 | F111: =STDEV(C111:D111) -> 5.9686927
...

Sheet Raw data
A3: User: Enzyme-LT
A4: Path: C:\Program Files (x86)\BMG\CLARIOstar\Enzyme-LT\Data
A5: Test ID: 11395
A6: Test Name: wrn fi
A7: Date: 2025/3/25
A8: Time: 15:57:15
A9: Fluorescence (FI)
B13: Raw Data (620-15/685-20)
B14: 1 | C14: 2 | D14: 3 | E14: 4 | F14: 5 | G14: 6 | H14: 7 | I14: 8 | J14: 9 | K14: 10 | L14: 11 | M14: 12 | N14: 13 | O14: 14 | P14: 15 | Q14: 16 | R14: 17 | S14: 18 | T14: 19 | U14: 20 | V14: 21 | W14: 22 | X14: 23 | Y14: 24
A15: A | B15: 4402 | C15: 5785 | D15: 7099 | E15: 9251 | F15: 11861 | G15: 20044 | H15: 26369 | I15: 33594 | J15: 35686 | K15: 38656 | L15: 36632 | M15: 33110 | N15: 4356 | O15: 9144 | P15: 9757 | Q15: 14102 | R15: 19846 | S15: 26321 | T15: 33253 | U15: 35471 | V15: 37695 | W15: 39810 | X15: 34674 | Y15: 35623
A16: B | B16: 4276 | C16: 5922 | D16: 7573 | E16: 9404 | F16: 12025 | G16: 19296 | H16: 26801 | I16: 32195 | J16: 35074 | K16: 35285 | L16: 37771 | M16: 32206 | N16: 4300 | O16: 9480 | P16: 10108 | Q16: 14821 | R16: 21006 | S16: 28399 | T16: 33586 | U16: 34652 | V16: 37662 | W16: 36968 | X16: 35395 | Y16: 32909
A17: C | B17: 4250 | C17: 10462 | D17: 13352 | E17: 15753 | F17: 25646 | G17: 26480 | H17: 34462 | I17: 35330 | J17: 34170 | K17: 35969 | L17: 34959 | M17: 35278
A18: D | B18: 4493 | C18: 11083 | D18: 14849 | E18: 19122 | F18: 24247 | G18: 30622 | H18: 37157 | I18: 37225 | J18: 36620 | K18: 35925 | L18: 35711 | M18: 32150
A19: E | B19: 4304 | C19: 10831 | D19: 10285 | E19: 11470 | F19: 17413 | G19: 24052 | H19: 31382 | I19: 33762 | J19: 34754 | K19: 34668 | L19: 34804 | M19: 33611
A20: F | B20: 4109 | C20: 10594 | D20: 9426 | E20: 11395 | F20: 15529 | G20: 22723 | H20: 28954 | I20: 31410 | J20: 32394 | K20: 34862 | L20: 33080 | M20: 33640
A21: G | B21: 4350 | C21: 8266 | D21: 8704 | E21: 11680 | F21: 15354 | G21: 21069 | H21: 27795 | I21: 29917 | J21: 30881 | K21: 32408 | L21: 30908 | M21: 34574
A22: H | B22: 4199 | C22: 8176 | D22: 8921 | E22: 11134 | F22: 17769 | G22: 26152 | H22: 26809 | I22: 31332 | J22: 33033 | K22: 34217 | L22: 33378 | M22: 31068
A23: I | B23: 4290 | C23: 5806 | D23: 7463 | E23: 9480 | F23: 13579 | G23: 22628 | H23: 31582 | I23: 32373 | J23: 30380 | K23: 31930 | L23: 31912 | M23: 28022
A24: J | B24: 4246 | C24: 5771 | D24: 7335 | E24: 10316 | F24: 13387 | G24: 22319 | H24: 27410 | I24: 33543 | J24: 33169 | K24: 34672 | L24: 35022 | M24: 33207
A25: K | B25: 4353 | C25: 9041 | D25: 9742 | E25: 11648 | F25: 18214 | G25: 26623 | H25: 31893 | I25: 34965 | J25: 34231 | K25: 35874 | L25: 36187 | M25: 31892
A26: L | B26: 4194 | C26: 9014 | D26: 9207 | E26: 11951 | F26: 19288 | G26: 27149 | H26: 29293 | I26: 36898 | J26: 33785 | K26: 37818 | L26: 34875 | M26: 33932
A27: M | B27: 4312 | C27: 9006 | D27: 9423 | E27: 11510 | F27: 15987 | G27: 27428 | H27: 32755 | I27: 34897 | J27: 35631 | K27: 35838 | L27: 35591 | M27: 31897
A28: N | B28: 4300 | C28: 8927 | D28: 9387 | E28: 11379 | F28: 19262 | G28: 27124 | H28: 30962 | I28: 35815 | J28: 34881 | K28: 38386 | L28: 33195 | M28: 33004
... A30: P | B30: 4361 | C30: 10779 | D30: 13169 | E30: 19616 | F30: 27403 | G30: 30263 | H30: 34098 | I30: 38201 | J30: 34840 | K30: 39320 | L30: 35135 | M30: 33704

Sheet Compound information
B1: 北京爱思益普生物科技股份有限公司 ICE Bioscience Inc. NRF001V1.0
A2: 化合物信息单 Compound Information Sheet
A3: 专题编号 Study No.* | E3: 委托方 Sponsor* | F3: 湖北生物医药产业技术研究院有限公司 | N3: 是否申报 Application or not* | P3: 否
A4: 名称 Name* | B4: 质量(mg)/ 体积(µL)* | C4: 分子量MW* | D4: 纯度 Purity* | E4: 批号 Batch No. | F4: 溶媒 Solvent | G4: 保存条件Storage Condition* | H4: 样品性状Characters | I4: 样品性质Compound Property | J4: 有效期 Exp. Date | K4: 检测靶点 Test Targets* | L4: 重复例数Test Repetition* | M4: 检测浓度 Test Concentration* | N4: 备注 Comment | O4: 储液浓度 Storage Concentration | P4: 溶剂使用量Solvent μL
A5: HW356057 | B5: 2.36 | C5: 568.15 | D5: 1 | E5: HWH817-LHX-35-143 | O5: 20 mM | P5: =B5/C5*D5/20*1000000 -> 207.69163
A6: HW356054 | B6: 2.58 | C6: 574.12 | D6: 1 | E6: HWH817-XQ-35-6054 | O6: 20 mM | P6: =B6/C6*D6/20*1000000 -> 224.6917
A7: HW356060 | B7: 2.65 | C7: 602.64 | D7: 0.9782 | E7: HWH817-YBC-035-4-38-1 | O7: 20 mM | P7: =B7/C7*D7/20*1000000 -> 215.07285
A8: HW356064 | B8: 2.41 | C8: 570.14 | D8: 0.991 | E8: HWH817-XQ-35-6064 | O8: 20 mM | P8: =B8/C8*D8/20*1000000 -> 209.44943
A9: HW356071 | B9: 2.61 | C9: 588.13 | D9: 0.9362 | E9: HWH817-LHX-35-0311 | O9: 20 mM | P9: =B9/C9*D9/20*1000000 -> 207.73315
A10: HW356009-P1 | B10: 2.43 | C10: 603.63 | D10: 0.9748 | E10: HWH817-YBC-035-4-54-2 | O10: 20 mM | P10: =B10/C10*D10/20*1000000 -> 196.20993
A11: HW356016 | B11: 2.22 | C11: 536.15 | D11: 0.992 | E11: HWH817-XQ-35-6016 | O11: 20 mM | P11: =B11/C11*D11/20*1000000 -> 205.37536
A12: HW356070 | B12: 2.62 | C12: 576.13 | D12: 0.9713 | E12: HWH817-LHX-35-0310 | O12: 20 mM | P12: =B12/C12*D12/20*1000000 -> 220.85345
A16: 接受人/日期 Recipient/Date | H16: 检查人/日期 Checker/Date
A17: 注： 1.*号为必填内容/* is required；2.溶媒默认DMSO/The solvent defaults to DMSO；3.保存条件默认粉末类2~8℃，溶液类-25~-15℃存储/The storage condition defaults to 2~8℃ for powder and -25~-15℃ for solution； 4.样品性质请填写：小分子、肽类、蛋白类、大分子、混合物/提取物或其他类型，如不填，默认小分子Sample Property: small molecule, peptide, protein, macromolecule, mixture/extract or other type. If don't fill in, it will be small molecule by default.
