Workbook

Sheet Signature
B4: Study Report
B8: Assay Name | C8: WRN(517-1238)_ATP preincubation_FI_IC50
B9: Assay Goal | C9: To assess the compounds inhibition on WRN (517-1238)_ATP preincubation
B10: Study Number | C10: RFP-2024121601
B12: Experiment Type | C12: 10 doses in duplicate, IC50
B13: Samples Receive Date | C13: 45642
B14: Experiment Date | C14: 45642
B15: Report Release Date | C15: 45642
B17: Assay Performed by | C17: Jialong Ma
B18: Report Prepared by | C18: Jialong Ma
B19: Report reviewer | C19: Mingzhen Li
B20: Report Approval | C20: Qiang Xia
B24: Submitted to | C24: 湖北生物医药产业技术研究院有限公司
B26: Submitted by | C26: ICE Bioscience InC.

Sheet Assay summary
A1: Assay date | B1: Assay name | C1: Compounds ID | D1: Bottom | E1: Top | F1: IC50 (nM) | G1: Hillslope | H1: Comments | J1: SOP # | K1: Scientist
A2: 2024/12/16 | B2: WRN(517-1238) in FI assay_ATP preincubation | C2: ='Assay protocol'!C20 -> HW350003A | D2: =OFFSET(INDEX('Raw data analysis'!B:B,MATCH(C2,'Raw data analysis'!B:B,0)),2,5) -> -9.0437624 | E2: =OFFSET(INDEX('Raw data analysis'!B:B,MATCH(C2,'Raw data analysis'!B:B,0)),2,6) -> 97.823728 | F2: =OFFSET(INDEX('Raw data analysis'!B:B,MATCH(C2,'Raw data analysis'!B:B,0)),2,7) -> 40.062011 | G2: =OFFSET(INDEX('Raw data analysis'!B:B,MATCH(C2,'Raw data analysis'!B:B,0)),2,8) -> 0.94346586 | H2: Reference | I2: Compound state | J2: SOP-BA-1240 | K2: Jialong Ma
C3: ='Assay protocol'!C21 -> HW356058 | D3: =OFFSET(INDEX('Raw data analysis'!B:B,MATCH(C3,'Raw data analysis'!B:B,0)),2,5) -> -4.6930525 | E3: =OFFSET(INDEX('Raw data analysis'!B:B,MATCH(C3,'Raw data analysis'!B:B,0)),2,6) -> 89.328301 | F3: =OFFSET(INDEX('Raw data analysis'!B:B,MATCH(C3,'Raw data analysis'!B:B,0)),2,7) -> 262.13506 | G3: =OFFSET(INDEX('Raw data analysis'!B:B,MATCH(C3,'Raw data analysis'!B:B,0)),2,8) -> 1.1132131 | H3: / | I3: clear
C4: ='Assay protocol'!C22 -> HW356035 | D4: =OFFSET(INDEX('Raw data analysis'!B:B,MATCH(C4,'Raw data analysis'!B:B,0)),2,5) -> -7.8828639 | E4: =OFFSET(INDEX('Raw data analysis'!B:B,MATCH(C4,'Raw data analysis'!B:B,0)),2,6) -> 108.84837 | F4: =OFFSET(INDEX('Raw data analysis'!B:B,MATCH(C4,'Raw data analysis'!B:B,0)),2,7) -> 1968.8678 | G4: =OFFSET(INDEX('Raw data analysis'!B:B,MATCH(C4,'Raw data analysis'!B:B,0)),2,8) -> 0.82969978 | H4: / | I4: clear
C5: ='Assay protocol'!C23 -> HW356057 | D5: =OFFSET(INDEX('Raw data analysis'!B:B,MATCH(C5,'Raw data analysis'!B:B,0)),2,5) -> -11.797553 | E5: =OFFSET(INDEX('Raw data analysis'!B:B,MATCH(C5,'Raw data analysis'!B:B,0)),2,6) -> 96.462061 | F5: =OFFSET(INDEX('Raw data analysis'!B:B,MATCH(C5,'Raw data analysis'!B:B,0)),2,7) -> 89.279738 | G5: =OFFSET(INDEX('Raw data analysis'!B:B,MATCH(C5,'Raw data analysis'!B:B,0)),2,8) -> 1.0035513 | H5: / | I5: clear
C6: ='Assay protocol'!C24 -> HW356061 | D6: =OFFSET(INDEX('Raw data analysis'!B:B,MATCH(C6,'Raw data analysis'!B:B,0)),2,5) -> -14.607027 | E6: =OFFSET(INDEX('Raw data analysis'!B:B,MATCH(C6,'Raw data analysis'!B:B,0)),2,6) -> 82.988813 | F6: =OFFSET(INDEX('Raw data analysis'!B:B,MATCH(C6,'Raw data analysis'!B:B,0)),2,7) -> 128.54071 | G6: =OFFSET(INDEX('Raw data analysis'!B:B,MATCH(C6,'Raw data analysis'!B:B,0)),2,8) -> 0.83877709 | H6: / | I6: clear
C7: ='Assay protocol'!C25 -> HW356064 | D7: =OFFSET(INDEX('Raw data analysis'!B:B,MATCH(C7,'Raw data analysis'!B:B,0)),2,5) -> -11.942375 | E7: =OFFSET(INDEX('Raw data analysis'!B:B,MATCH(C7,'Raw data analysis'!B:B,0)),2,6) -> 97.473554 | F7: =OFFSET(INDEX('Raw data analysis'!B:B,MATCH(C7,'Raw data analysis'!B:B,0)),2,7) -> 102.90875 | G7: =OFFSET(INDEX('Raw data analysis'!B:B,MATCH(C7,'Raw data analysis'!B:B,0)),2,8) -> 0.98949404 | H7: / | I7: clear

Sheet Assay protocol
A2: Ⅰ | B2: Reagent, Consumables and Instruments
B4: Reagent | C4: Vendor | D4: Cat No.
B5: capture DNA | C5: ICE | D5: ICE-WDU-114
B6: dsDNA-secquence 2 | C6: ICE | D6: ICE-WDU-113
B7: WRN (517-1238) | C7: ICE | D7: S2212T-H56HZ
B8: ATP | C8: Ark Pharm | D8: Ak-54737
B9: Consumables | C9: Vendor | D9: Cat No.
B10: 96 Well Plates | C10: Nunc | D10: 249944
B11: 384-well plate | C11: Corning | D11: 4514
B12: Instrument | C12: Vendor | D12: Cat No.
B13: ECHO®655 SYSTEM | C13: LABCYTE | D13: 655
B14: Centrifuge | C14: Cence | D14: TDZ5-WS
B15: Microplate Reader | C15: BMG | D15: CLARIO Star Plusacu
A17: Ⅱ | B17: Compound Information and Treatment
B19: Entry | C19: Compound ID | D19: Stock Conc. (mM) | E19: Start Conc. (nM) | F19: Dilution folds
B20: R | C20: HW350003A | D20: 10 | E20: 10000 | F20: 3
B21: 1 | C21: HW356058 | D21: 10 | E21: 10000 | F21: 3
B22: 2 | C22: HW356035 | D22: 10 | E22: 10000 | F22: 3
B23: 3 | C23: HW356057 | D23: 10 | E23: 10000 | F23: 3
B24: 4 | C24: HW356061 | D24: 10 | E24: 10000 | F24: 3
B25: 5 | C25: HW356064 | D25: 10 | E25: 10000 | F25: 3
A27: Ⅲ | B27: Compounds Storage.
B29: All test compounds are provided by湖北生物医药产业技术研究院有限公司, and storaged in ICE.
A31: Ⅳ | B31: Reaction conditions
B33: Reaction ID | C33: WRN (517-1238) | D33: ATP | E33: dsDNA-secquence 2 | F33: capture DNA
B34: Work Conc. | C34: 5 nM | D34: 4 mM | E34: 100 nM | F34: 1 μM
A36: Ⅴ | B36: Experiment Procedure
A38: a) | B38: Add 60 μL compounds to 384-well dilution plate
A39: b) | B39: Dilute compounds 1:4 in succession in DMSO for each column for 10 pts (refer to dilution plate map)
A40: c) | B40: Transfer 0.15 μL diluted compounds solution in each row to 384 assay plate using Echo, each column containing 2 replicates (refer to assay plate map)
A41: d) | B41: Add 5 μL enzyme working solution containing 0.2 mM ATP to 384-well assay plate, and centrifuge at 1000 rpm for 1 min
A42: e) | B42: Incubate at 25℃ for 4 h
A43: f) | B43: Add 5 μL dsDNA-secquence 2 and capture DNA working solution, and centrifuge at 1000 rpm for 1 min
A44: g) | B44: Add 5 μL ATP working solution to initiate reaction , and centrifuge at 1000 rpm for 1 min
A45: h) | B45: Incubate at 25℃ for 30 min
A46: i) | B46: Reading Ex620 nm and Em685 nm fluorescence signals with BMG
A48: VI | B48: Data Analysis
A50: a) | B50: Percent inhibition(% inh) for compound well = 100*(ave High control - cpd well)/(ave High control - ave Low control)
A51: b) | B51: Assay robustness check with Low control and High control data:
B52: High control: DMSO and Enzyme
B53: Low control: DMSO and Assay buffer
B54: S/B =ave High control/ave Low control,
B55: CV%(Low control)=100* (SD Low control/ave Low control)
B56: CV%(High control)=100*( SD High control/ave High control)
B57: Z’=1-3*(SD Low control+ SD High control)/(ave High control- ave Low control)
A58: c) | B58: Fit the cpd IC50 from non-linear regression equation by XLfit 5.5.0
B59: Y=Bottom + (Top-Bottom)/(1+10^((LogIC50-X)*HillSlope))
B60: X: Log of cpd concentration
B61: Y: Percent inhibition(% inh)
B62: Top and Bottom: Plateaus in same units as Y
B63: logIC50: same log units as X
B64: HillSlope: Slope factor or Hill slope
A66: Ⅶ | B66: Data Collection
B68: Data exported from BMG as an Excel file is uploaded into D:\B01Y202202-115\IBC\E3\MJL\湖北生物\WRN\20241216\RFP-2024121601

Sheet Raw data analysis
A3: Assay platemap | B3: 1 | C3: 2 | D3: 3 | E3: 4 | F3: 5 | G3: 6 | H3: 7 | I3: 8 | J3: 9 | K3: 10 | L3: 11 | M3: 12 | N3: 13 | O3: 14 | P3: 15 | Q3: 16 | R3: 17 | S3: 18 | T3: 19 | U3: 20 | V3: 21 | W3: 22 | X3: 23 | Y3: 24
A4: A | B4: Low Control | C4: Ref | D4: 10 points | M4: High Control
A5: B | B5: Low Control | M5: High Control
A6: C | B6: Low Control | C6: Cmpd-1 | D6: 10 points | M6: High Control
A7: D | B7: Low Control | M7: High Control
A8: E | B8: Low Control | C8: Cmpd-2 | D8: 10 points | M8: High Control
A9: F | B9: Low Control | M9: High Control
A10: G | B10: Low Control | C10: Cmpd-3 | D10: 10 points | M10: High Control
A11: H | B11: Low Control | M11: High Control
A12: I | B12: Low Control | C12: Cmpd-4 | D12: 10 points | M12: High Control
A13: J | B13: Low Control | M13: High Control
A14: K | B14: Low Control | C14: Cmpd-5 | D14: 10 points | M14: High Control
A15: L | B15: Low Control | M15: High Control
A16: M
A17: N
A18: O
A19: P
A21: Raw data | B21: 1 | C21: 2 | D21: 3 | E21: 4 | F21: 5 | G21: 6 | H21: 7 | I21: 8 | J21: 9 | K21: 10 | L21: 11 | M21: 12 | N21: 13 | O21: 14 | P21: 15 | Q21: 16 | R21: 17 | S21: 18 | T21: 19 | U21: 20 | V21: 21 | W21: 22 | X21: 23 | Y21: 24
A22: A | B22: 4712 | C22: 5443 | D22: 7030 | E22: 9849 | F22: 12861 | G22: 21328 | H22: 37237 | I22: 49370 | J22: 58978 | K22: 24828 | L22: 64723 | M22: 61917
A23: B | B23: 4854 | C23: 5494 | D23: 7432 | E23: 9852 | F23: 13155 | G23: 20955 | H23: 36078 | I23: 52362 | J23: 61943 | K23: 64748 | L23: 67402 | M23: 62961
A24: C | B24: 4776 | C24: 12753 | D24: 12716 | E24: 19110 | F24: 32550 | G24: 48799 | H24: 55075 | I24: 61352 | J24: 60832 | K24: 67215 | L24: 66256 | M24: 59365
A25: D | B25: 4972 | C25: 13199 | D25: 12993 | E25: 20665 | F25: 33423 | G25: 49067 | H25: 61189 | I25: 65182 | J25: 62585 | K25: 63226 | L25: 66662 | M25: 63236
A26: E | B26: 4852 | C26: 13750 | D26: 24710 | E26: 40471 | F26: 53626 | G26: 64082 | H26: 63882 | I26: 62374 | J26: 64851 | K26: 65842 | L26: 65863 | M26: 62075
A27: F | B27: 4839 | C27: 14208 | D27: 25394 | E27: 43828 | F27: 50943 | G27: 60651 | H27: 60580 | I27: 65985 | J27: 67612 | K27: 67840 | L27: 69944 | M27: 64076
A28: G | B28: 4706 | C28: 6974 | D28: 9181 | E28: 11835 | F28: 18596 | G28: 33083 | H28: 4911 | I28: 60828 | J28: 68779 | K28: 68733 | L28: 69292 | M28: 63540
A29: H | B29: 4849 | C29: 6951 | D29: 8896 | E29: 11417 | F29: 19142 | G29: 32252 | H29: 49583 | I29: 5018 | J29: 61951 | K29: 67170 | L29: 68036 | M29: 62646
A30: I | B30: 4840 | C30: 15370 | D30: 34684 | E30: 23876 | F30: 30070 | G30: 46866 | H30: 53000 | I30: 61351 | J30: 67440 | K30: 5008 | L30: 69593 | M30: 59393
A31: J | B31: 5173 | C31: 17457 | D31: 35293 | E31: 21418 | F31: 27398 | G31: 45802 | H31: 5071 | I31: 64058 | J31: 68138 | K31: 4984 | L31: 70549 | M31: 62755
A32: K | B32: 5118 | C32: 7380 | D32: 9744 | E32: 12404 | F32: 19448 | G32: 34812 | H32: 50279 | I32: 60470 | J32: 67051 | K32: 68167 | L32: 4955 | M32: 62144
A33: L | B33: 5251 | C33: 7463 | D33: 10036 | E33: 5047 | F33: 22210 | G33: 36841 | H33: 5008 | I33: 61065 | J33: 67152 | K33: 65898 | L33: 69353 | M33: 61198
A34: M
A35: N
A36: O
A37: P
C38: SD | D38: CV | E38: Z' | F38: S/B
A39: AVE(Low Control) | B39: =AVERAGE(B22:B37) -> 4911.8333 | C39: =STDEVP(B22:B37) -> 171.13729 | D39: =C39/B39 -> 0.034841836 | E39: =1-3*(C39+C40)/(B40-B39) -> 0.9162416 | F39: =B40/B39 -> 12.644736
A40: AVE(High Control) | B40: =AVERAGE(M22:M37) -> 62108.833 | C40: =STDEVP(M22:M37) -> 1425.7725 | D40: =C40/B40 -> 0.022956034
A42: Inhibition | B42: 1 | C42: 2 | D42: 3 | E42: 4 | F42: 5 | G42: 6 | H42: 7 | I42: 8 | J42: 9 | K42: 10 | L42: 11 | M42: 12 | N42: 13 | O42: 14 | P42: 15 | Q42: 16 | R42: 17 | S42: 18 | T42: 19 | U42: 20 | V42: 21 | W42: 22 | X42: 23 | Y42: 24
A43: ='Assay summary'!C2 -> HW350003A | C43: =($B$40-C22)/($B$40-$B$39)*100 -> 99.071338 | D43: =($B$40-D22)/($B$40-$B$39)*100 -> 96.296717 | E43: =($B$40-E22)/($B$40-$B$39)*100 -> 91.368137 | F43: =($B$40-F22)/($B$40-$B$39)*100 -> 86.102127 | G43: =($B$40-G22)/($B$40-$B$39)*100 -> 71.298903 | H43: =($B$40-H22)/($B$40-$B$39)*100 -> 43.484507 | I43: =($B$40-I22)/($B$40-$B$39)*100 -> 22.271856 | J43: =($B$40-J22)/($B$40-$B$39)*100 -> 5.4737719 | K43: 65.2* | L43: =($B$40-L22)/($B$40-$B$39)*100 -> -4.5704612
C44: =($B$40-C23)/($B$40-$B$39)*100 -> 98.982173 | D44: =($B$40-D23)/($B$40-$B$39)*100 -> 95.593883 | E44: =($B$40-E23)/($B$40-$B$39)*100 -> 91.362892 | F44: =($B$40-F23)/($B$40-$B$39)*100 -> 85.588114 | G44: =($B$40-G23)/($B$40-$B$39)*100 -> 71.951035 | H44: =($B$40-H23)/($B$40-$B$39)*100 -> 45.510837 | I44: =($B$40-I23)/($B$40-$B$39)*100 -> 17.040812 | J44: =($B$40-J23)/($B$40-$B$39)*100 -> 0.28993362 | ... L44: =($B$40-L23)/($B$40-$B$39)*100 -> -9.2542732
A45: ='Assay summary'!C3 -> HW356058 | C45: =($B$40-C24)/($B$40-$B$39)*100 -> 86.290948 | D45: =($B$40-D24)/($B$40-$B$39)*100 -> 86.355636 | E45: =($B$40-E24)/($B$40-$B$39)*100 -> 75.176728 | F45: =($B$40-F24)/($B$40-$B$39)*100 -> 51.678992 | G45: =($B$40-G24)/($B$40-$B$39)*100 -> 23.27016 | H45: =($B$40-H24)/($B$40-$B$39)*100 -> 12.297556 | I45: =($B$40-I24)/($B$40-$B$39)*100 -> 1.3232046 | J45: =($B$40-J24)/($B$40-$B$39)*100 -> 2.2323432 | ... L45: =($B$40-L24)/($B$40-$B$39)*100 -> -7.2506717
C46: =($B$40-C25)/($B$40-$B$39)*100 -> 85.511186 | D46: =($B$40-D25)/($B$40-$B$39)*100 -> 85.871345 | E46: =($B$40-E25)/($B$40-$B$39)*100 -> 72.458054 | F46: =($B$40-F25)/($B$40-$B$39)*100 -> 50.152689 | G46: =($B$40-G25)/($B$40-$B$39)*100 -> 22.801604 | H46: =($B$40-H25)/($B$40-$B$39)*100 -> 1.6081846 | I46: =($B$40-I25)/($B$40-$B$39)*100 -> -5.3729508 | J46: =($B$40-J25)/($B$40-$B$39)*100 -> -0.83250287 | ... L46: =($B$40-L25)/($B$40-$B$39)*100 -> -7.9604991
A47: ='Assay summary'!C4 -> HW356035 | C47: =($B$40-C26)/($B$40-$B$39)*100 -> 84.547849 | D47: =($B$40-D26)/($B$40-$B$39)*100 -> 65.386005 | E47: =($B$40-E26)/($B$40-$B$39)*100 -> 37.830364 | F47: =($B$40-F26)/($B$40-$B$39)*100 -> 14.830906 | G47: =($B$40-G26)/($B$40-$B$39)*100 -> -3.449773 | H47: =($B$40-H26)/($B$40-$B$39)*100 -> -3.1001043 | I47: =($B$40-I26)/($B$40-$B$39)*100 -> -0.4636024 | J47: =($B$40-J26)/($B$40-$B$39)*100 -> -4.7942491 | ... L47: =($B$40-L26)/($B$40-$B$39)*100 -> -6.5635727
C48: =($B$40-C27)/($B$40-$B$39)*100 -> 83.747108 | D48: =($B$40-D27)/($B$40-$B$39)*100 -> 64.190138 | E48: =($B$40-E27)/($B$40-$B$39)*100 -> 31.961175 | F48: =($B$40-F27)/($B$40-$B$39)*100 -> 19.521712 | G48: =($B$40-G27)/($B$40-$B$39)*100 -> 2.5487934 | H48: =($B$40-H27)/($B$40-$B$39)*100 -> 2.6729257 | I48: =($B$40-I27)/($B$40-$B$39)*100 -> -6.7768706 | J48: =($B$40-J27)/($B$40-$B$39)*100 -> -9.6214254 | ... L48: =($B$40-L27)/($B$40-$B$39)*100 -> -13.698562
A49: ='Assay summary'!C5 -> HW356057 | C49: =($B$40-C28)/($B$40-$B$39)*100 -> 96.394624 | D49: =($B$40-D28)/($B$40-$B$39)*100 -> 92.53603 | E49: =($B$40-E28)/($B$40-$B$39)*100 -> 87.895927 | F49: =($B$40-F28)/($B$40-$B$39)*100 -> 76.075377 | G49: =($B$40-G28)/($B$40-$B$39)*100 -> 50.747125 | H49: 100.0* | I49: =($B$40-I28)/($B$40-$B$39)*100 -> 2.2393366 | J49: =($B$40-J28)/($B$40-$B$39)*100 -> -11.661742 | K49: =($B$40-K28)/($B$40-$B$39)*100 -> -11.581318 | L49: =($B$40-L28)/($B$40-$B$39)*100 -> -12.558642
C50: =($B$40-C29)/($B$40-$B$39)*100 -> 96.434836 | D50: =($B$40-D29)/($B$40-$B$39)*100 -> 93.034308 | E50: =($B$40-E29)/($B$40-$B$39)*100 -> 88.626735 | F50: =($B$40-F29)/($B$40-$B$39)*100 -> 75.120781 | G50: =($B$40-G29)/($B$40-$B$39)*100 -> 52.199999 | H50: =($B$40-H29)/($B$40-$B$39)*100 -> 21.899459 | I50: 99.8* | J50: =($B$40-J29)/($B$40-$B$39)*100 -> 0.27594687 | K50: =($B$40-K29)/($B$40-$B$39)*100 -> -8.8486576 | L50: =($B$40-L29)/($B$40-$B$39)*100 -> -10.362723
A51: ='Assay summary'!C6 -> HW356061 | C51: =($B$40-C30)/($B$40-$B$39)*100 -> 81.715533 | D51: =($B$40-D30)/($B$40-$B$39)*100 -> 47.948028 | E51: =($B$40-E30)/($B$40-$B$39)*100 -> 66.844124 | F51: =($B$40-F30)/($B$40-$B$39)*100 -> 56.014884 | G51: =($B$40-G30)/($B$40-$B$39)*100 -> 26.649708 | H51: =($B$40-H30)/($B$40-$B$39)*100 -> 15.925369 | I51: =($B$40-I30)/($B$40-$B$39)*100 -> 1.3249529 | J51: =($B$40-J30)/($B$40-$B$39)*100 -> -9.3207103 | ... L51: =($B$40-L30)/($B$40-$B$39)*100 -> -13.084894
C52: =($B$40-C31)/($B$40-$B$39)*100 -> 78.06674 | D52: =($B$40-D31)/($B$40-$B$39)*100 -> 46.883286 | E52: =($B$40-E31)/($B$40-$B$39)*100 -> 71.141552 | F52: =($B$40-F31)/($B$40-$B$39)*100 -> 60.686458 | G52: =($B$40-G31)/($B$40-$B$39)*100 -> 28.509945 | H52: 99.7* | I52: =($B$40-I31)/($B$40-$B$39)*100 -> -3.4078128 | J52: =($B$40-J31)/($B$40-$B$39)*100 -> -10.541054 | K52: =($B$40-K31)/($B$40-$B$39)*100 -> 99.873828 | L52: =($B$40-L31)/($B$40-$B$39)*100 -> -14.75631
A53: ='Assay summary'!C7 -> HW356064 | C53: =($B$40-C32)/($B$40-$B$39)*100 -> 95.684797 | D53: =($B$40-D32)/($B$40-$B$39)*100 -> 91.551713 | E53: =($B$40-E32)/($B$40-$B$39)*100 -> 86.90112 | F53: =($B$40-F32)/($B$40-$B$39)*100 -> 74.585788 | G53: =($B$40-G32)/($B$40-$B$39)*100 -> 47.72424 | H53: =($B$40-H32)/($B$40-$B$39)*100 -> 20.682612 | I53: =($B$40-I32)/($B$40-$B$39)*100 -> 2.8652435 | J53: =($B$40-J32)/($B$40-$B$39)*100 -> -8.6406047 | K53: =($B$40-K32)/($B$40-$B$39)*100 -> -10.591756 | L53: 99.9*
C54: =($B$40-C33)/($B$40-$B$39)*100 -> 95.539684 | D54: =($B$40-D33)/($B$40-$B$39)*100 -> 91.041197 | E54: =($B$40-E33)/($B$40-$B$39)*100 -> 99.763682 | F54: =($B$40-F33)/($B$40-$B$39)*100 -> 69.756864 | G54: =($B$40-G33)/($B$40-$B$39)*100 -> 44.176851 | H54: 99.8* | I54: =($B$40-I33)/($B$40-$B$39)*100 -> 1.8249792 | J54: =($B$40-J33)/($B$40-$B$39)*100 -> -8.8171874 | K54: =($B$40-K33)/($B$40-$B$39)*100 -> -6.6247647 | L54: =($B$40-L33)/($B$40-$B$39)*100 -> -12.665291
B60: =B61&" in "&'Assay summary'!$B$2 -> HW350003A in WRN(517-1238) in FI assay_ATP preincubation
B61: ='Assay summary'!C2 -> HW350003A | D61: Inhibition% | K61: =[1]!xf4_FitData("",[1]!xf4_SetModel("205"),[1]!xf4_SetParameters(0,FALSE,TRUE,100,FALSE,TRUE,1,FALSE,TRUE,0.1,FALSE,TRUE),[1]!xf4_SetData(B62,B63:B72,D61,E63:E72)) -> #Ok
B62: Conc (nM) | C62: Rep 1 | D62: Rep 2 | E62: Mean | F62: SD | G62: Bottom | H62: Top | I62: IC50 | J62: Hill Slope | K62: =[1]!xf4_Chart2D([1]!xf_Init()&[1]!xf_Title(B60)&[1]!xf_LabelX([1]!xf4_XLabel(K61))&[1]!xf_LabelY([1]!xf4_YLabel(K61))&[1]!xf_ScaleX(FALSE,0.05,100000,,TRUE)&[1]!xf_ScaleY(FALSE,-20,120,30,FALSE)&[1]!xf_Header(K63),[1]!xf4_C2DFit(K61,F63:F73,F63:F73)&[1]!xf4_C2DFitDetails(7,0,0.05,0,0.05)&[1]!xf4_C2DFitPoints(101,,,,1,-1)) -> #Ok
B63: =OFFSET(INDEX('Assay protocol'!C:C,MATCH(B61,'Assay protocol'!C:C,0)),0,2) -> 10000 | C63: =OFFSET(INDEX(A:A,MATCH(B61,A:A,0)),0,2) -> 99.071338 | D63: =OFFSET(INDEX(A:A,MATCH(B61,A:A,0)),1,2) -> 98.982173 | E63: =AVERAGE(C63:D63) -> 99.026755 | F63: =STDEV(C63:D63) -> 0.063049541 | G63: -9.0437624 | H63: 97.823728 | I63: 40.062011 | J63: 0.94346586 | K63: =IF(I63<B63,I62&"="&ROUND(I63,1)&"nM",I62&">"&B63&"nM") -> IC50=40.1nM
B64: =B63/OFFSET(INDEX('Assay protocol'!C:C,MATCH(B61,'Assay protocol'!C:C,0)),0,3) -> 3333.3333 | C64: =OFFSET(INDEX(A:A,MATCH(B61,A:A,0)),0,3) -> 96.296717 | D64: =OFFSET(INDEX(A:A,MATCH(B61,A:A,0)),1,3) -> 95.593883 | E64: =AVERAGE(C64:D64) -> 95.9453 | F64: =STDEV(C64:D64) -> 0.49697873
B65: =B64/OFFSET(INDEX('Assay protocol'!C:C,MATCH(B61,'Assay protocol'!C:C,0)),0,3) -> 1111.1111 | C65: =OFFSET(INDEX(A:A,MATCH(B61,A:A,0)),0,4) -> 91.368137 | D65: =OFFSET(INDEX(A:A,MATCH(B61,A:A,0)),1,4) -> 91.362892 | E65: =AVERAGE(C65:D65) -> 91.365515 | F65: =STDEV(C65:D65) -> 0.0037087965
B66: =B65/OFFSET(INDEX('Assay protocol'!C:C,MATCH(B61,'Assay protocol'!C:C,0)),0,3) -> 370.37037 | C66: =OFFSET(INDEX(A:A,MATCH(B61,A:A,0)),0,5) -> 86.102127 | D66: =OFFSET(INDEX(A:A,MATCH(B61,A:A,0)),1,5) -> 85.588114 | E66: =AVERAGE(C66:D66) -> 85.84512 | F66: =STDEV(C66:D66) -> 0.36346206
B67: =B66/OFFSET(INDEX('Assay protocol'!C:C,MATCH(B61,'Assay protocol'!C:C,0)),0,3) -> 123.45679 | C67: =OFFSET(INDEX(A:A,MATCH(B61,A:A,0)),0,6) -> 71.298903 | D67: =OFFSET(INDEX(A:A,MATCH(B61,A:A,0)),1,6) -> 71.951035 | E67: =AVERAGE(C67:D67) -> 71.624969 | F67: =STDEV(C67:D67) -> 0.46112703
B68: =B67/OFFSET(INDEX('Assay protocol'!C:C,MATCH(B61,'Assay protocol'!C:C,0)),0,3) -> 41.152263 | C68: =OFFSET(INDEX(A:A,MATCH(B61,A:A,0)),0,7) -> 43.484507 | D68: =OFFSET(INDEX(A:A,MATCH(B61,A:A,0)),1,7) -> 45.510837 | E68: =AVERAGE(C68:D68) -> 44.497672 | F68: =STDEV(C68:D68) -> 1.4328317
B69: =B68/OFFSET(INDEX('Assay protocol'!C:C,MATCH(B61,'Assay protocol'!C:C,0)),0,3) -> 13.717421 | C69: =OFFSET(INDEX(A:A,MATCH(B61,A:A,0)),0,8) -> 22.271856 | D69: =OFFSET(INDEX(A:A,MATCH(B61,A:A,0)),1,8) -> 17.040812 | E69: =AVERAGE(C69:D69) -> 19.656334 | F69: =STDEV(C69:D69) -> 3.6989064
B70: =B69/OFFSET(INDEX('Assay protocol'!C:C,MATCH(B61,'Assay protocol'!C:C,0)),0,3) -> 4.5724737 | C70: =OFFSET(INDEX(A:A,MATCH(B61,A:A,0)),0,9) -> 5.4737719 | D70: =OFFSET(INDEX(A:A,MATCH(B61,A:A,0)),1,9) -> 0.28993362 | E70: =AVERAGE(C70:D70) -> 2.8818528 | F70: =STDEV(C70:D70) -> 3.6655272
B71: =B70/OFFSET(INDEX('Assay protocol'!C:C,MATCH(B61,'Assay protocol'!C:C,0)),0,3) -> 1.5241579 | C71: =OFFSET(INDEX(A:A,MATCH(B61,A:A,0)),0,10) -> 65.2* | D71: =OFFSET(INDEX(A:A,MATCH(B61,A:A,0)),1,10) -> -4.6141697 | E71: =AVERAGE(C71:D71) -> -4.6141697
B72: =B71/OFFSET(INDEX('Assay protocol'!C:C,MATCH(B61,'Assay protocol'!C:C,0)),0,3) -> 0.50805263 | C72: =OFFSET(INDEX(A:A,MATCH(B61,A:A,0)),0,11) -> -4.5704612 | D72: =OFFSET(INDEX(A:A,MATCH(B61,A:A,0)),1,11) -> -9.2542732 | E72: =AVERAGE(C72:D72) -> -6.9123672 | F72: =STDEV(C72:D72) -> 3.3119553
B75: =B76&" in "&'Assay summary'!$B$2 -> HW356058 in WRN(517-1238) in FI assay_ATP preincubation
B76: ='Assay summary'!C3 -> HW356058 | D76: Inhibition% | K76: =[1]!xf4_FitData("",[1]!xf4_SetModel("205"),[1]!xf4_SetParameters(0,FALSE,TRUE,100,FALSE,TRUE,1,FALSE,TRUE,0.1,FALSE,TRUE),[1]!xf4_SetData(B77,B78:B88,D76,E78:E88)) -> #Ok
B77: Conc (nM) | C77: Rep 1 | D77: Rep 2 | E77: Mean | F77: SD | G77: Bottom | H77: Top | I77: IC50 | J77: Hill Slope | K77: =[1]!xf4_Chart2D([1]!xf_Init()&[1]!xf_Title(B75)&[1]!xf_LabelX([1]!xf4_XLabel(K76))&[1]!xf_LabelY([1]!xf4_YLabel(K76))&[1]!xf_ScaleX(FALSE,0.05,100000,,TRUE)&[1]!xf_ScaleY(FALSE,-20,120,30,FALSE)&[1]!xf_Header(K78),[1]!xf4_C2DFit(K76,F78:F88,F78:F88)&[1]!xf4_C2DFitDetails(7,0,0.05,0,0.05)&[1]!xf4_C2DFitPoints(101,,,,1,-1)) -> #Ok
B78: =OFFSET(INDEX('Assay protocol'!C:C,MATCH(B76,'Assay protocol'!C:C,0)),0,2) -> 10000 | C78: =OFFSET(INDEX(A:A,MATCH(B76,A:A,0)),0,2) -> 86.290948 | D78: =OFFSET(INDEX(A:A,MATCH(B76,A:A,0)),1,2) -> 85.511186 | E78: =AVERAGE(C78:D78) -> 85.901067 | F78: =STDEV(C78:D78) -> 0.55137442 | G78: -4.6930525 | H78: 89.328301 | I78: 262.13506 | J78: 1.1132131 | K78: =IF(I78<B78,I77&"="&ROUND(I78,0)&"nM",I77&">"&B78&"nM") -> IC50=262nM
B79: =B78/OFFSET(INDEX('Assay protocol'!C:C,MATCH(B76,'Assay protocol'!C:C,0)),0,3) -> 3333.3333 | C79: =OFFSET(INDEX(A:A,MATCH(B76,A:A,0)),0,3) -> 86.355636 | D79: =OFFSET(INDEX(A:A,MATCH(B76,A:A,0)),1,3) -> 85.871345 | E79: =AVERAGE(C79:D79) -> 86.113491 | F79: =STDEV(C79:D79) -> 0.34244555
B80: =B79/OFFSET(INDEX('Assay protocol'!C:C,MATCH(B76,'Assay protocol'!C:C,0)),0,3) -> 1111.1111 | C80: =OFFSET(INDEX(A:A,MATCH(B76,A:A,0)),0,4) -> 75.176728 | D80: =OFFSET(INDEX(A:A,MATCH(B76,A:A,0)),1,4) -> 72.458054 | E80: =AVERAGE(C80:D80) -> 73.817391 | F80: =STDEV(C80:D80) -> 1.9223929
B81: =B80/OFFSET(INDEX('Assay protocol'!C:C,MATCH(B76,'Assay protocol'!C:C,0)),0,3) -> 370.37037 | C81: =OFFSET(INDEX(A:A,MATCH(B76,A:A,0)),0,5) -> 51.678992 | D81: =OFFSET(INDEX(A:A,MATCH(B76,A:A,0)),1,5) -> 50.152689 | E81: =AVERAGE(C81:D81) -> 50.915841 | F81: =STDEV(C81:D81) -> 1.0792598
B82: =B81/OFFSET(INDEX('Assay protocol'!C:C,MATCH(B76,'Assay protocol'!C:C,0)),0,3) -> 123.45679 | C82: =OFFSET(INDEX(A:A,MATCH(B76,A:A,0)),0,6) -> 23.27016 | D82: =OFFSET(INDEX(A:A,MATCH(B76,A:A,0)),1,6) -> 22.801604 | E82: =AVERAGE(C82:D82) -> 23.035882 | F82: =STDEV(C82:D82) -> 0.33131916
B83: =B82/OFFSET(INDEX('Assay protocol'!C:C,MATCH(B76,'Assay protocol'!C:C,0)),0,3) -> 41.152263 | C83: =OFFSET(INDEX(A:A,MATCH(B76,A:A,0)),0,7) -> 12.297556 | D83: =OFFSET(INDEX(A:A,MATCH(B76,A:A,0)),1,7) -> 1.6081846 | E83: =AVERAGE(C83:D83) -> 6.9528705 | F83: =STDEV(C83:D83) -> 7.5585273
B84: =B83/OFFSET(INDEX('Assay protocol'!C:C,MATCH(B76,'Assay protocol'!C:C,0)),0,3) -> 13.717421 | C84: =OFFSET(INDEX(A:A,MATCH(B76,A:A,0)),0,8) -> 1.3232046 | D84: =OFFSET(INDEX(A:A,MATCH(B76,A:A,0)),1,8) -> -5.3729508 | E84: =AVERAGE(C84:D84) -> -2.0248731 | F84: =STDEV(C84:D84) -> 4.7348969
B85: =B84/OFFSET(INDEX('Assay protocol'!C:C,MATCH(B76,'Assay protocol'!C:C,0)),0,3) -> 4.5724737 | C85: =OFFSET(INDEX(A:A,MATCH(B76,A:A,0)),0,9) -> 2.2323432 | D85: =OFFSET(INDEX(A:A,MATCH(B76,A:A,0)),1,9) -> -0.83250287 | E85: =AVERAGE(C85:D85) -> 0.69992016 | F85: =STDEV(C85:D85) -> 2.1671734
B86: =B85/OFFSET(INDEX('Assay protocol'!C:C,MATCH(B76,'Assay protocol'!C:C,0)),0,3) -> 1.5241579 | C86: =OFFSET(INDEX(A:A,MATCH(B76,A:A,0)),0,10) -> -8.927333 | D86: =OFFSET(INDEX(A:A,MATCH(B76,A:A,0)),1,10) -> -1.953191 | E86: =AVERAGE(C86:D86) -> -5.440262 | F86: =STDEV(C86:D86) -> 4.9314631
B87: =B86/OFFSET(INDEX('Assay protocol'!C:C,MATCH(B76,'Assay protocol'!C:C,0)),0,3) -> 0.50805263 | C87: =OFFSET(INDEX(A:A,MATCH(B76,A:A,0)),0,11) -> -7.2506717 | D87: =OFFSET(INDEX(A:A,MATCH(B76,A:A,0)),1,11) -> -7.9604991 | E87: =AVERAGE(C87:D87) -> -7.6055854 | F87: =STDEV(C87:D87) -> 0.5019238
B90: =B91&" in "&'Assay summary'!$B$2 -> HW356035 in WRN(517-1238) in FI assay_ATP preincubation
B91: ='Assay summary'!C4 -> HW356035 | D91: Inhibition% | K91: =[1]!xf4_FitData("",[1]!xf4_SetModel("205"),[1]!xf4_SetParameters(0,FALSE,TRUE,100,FALSE,TRUE,1,FALSE,TRUE,0.1,FALSE,TRUE),[1]!xf4_SetData(B92,B93:B103,D91,E93:E103)) -> #Ok
B92: Conc (nM) | C92: Rep 1 | D92: Rep 2 | E92: Mean | F92: SD | G92: Bottom | H92: Top | I92: IC50 | J92: Hill Slope | K92: =[1]!xf4_Chart2D([1]!xf_Init()&[1]!xf_Title(B90)&[1]!xf_LabelX([1]!xf4_XLabel(K91))&[1]!xf_LabelY([1]!xf4_YLabel(K91))&[1]!xf_ScaleX(FALSE,0.05,100000,,TRUE)&[1]!xf_ScaleY(FALSE,-20,120,30,FALSE)&[1]!xf_Header(K93),[1]!xf4_C2DFit(K91,F93:F103,F93:F103)&[1]!xf4_C2DFitDetails(7,0,0.05,0,0.05)&[1]!xf4_C2DFitPoints(101,,,,1,-1)) -> #Ok
B93: =OFFSET(INDEX('Assay protocol'!C:C,MATCH(B91,'Assay protocol'!C:C,0)),0,2) -> 10000 | C93: =OFFSET(INDEX(A:A,MATCH(B91,A:A,0)),0,2) -> 84.547849 | D93: =OFFSET(INDEX(A:A,MATCH(B91,A:A,0)),1,2) -> 83.747108 | E93: =AVERAGE(C93:D93) -> 84.147479 | F93: =STDEV(C93:D93) -> 0.5662096 | G93: -7.8828639 | H93: 108.84837 | I93: 1968.8678 | J93: 0.82969978 | K93: =IF(I93<B93,I92&"="&ROUND(I93,0)&"nM",I92&">"&B93&"nM") -> IC50=1969nM
B94: =B93/OFFSET(INDEX('Assay protocol'!C:C,MATCH(B91,'Assay protocol'!C:C,0)),0,3) -> 3333.3333 | C94: =OFFSET(INDEX(A:A,MATCH(B91,A:A,0)),0,3) -> 65.386005 | D94: =OFFSET(INDEX(A:A,MATCH(B91,A:A,0)),1,3) -> 64.190138 | E94: =AVERAGE(C94:D94) -> 64.788072 | F94: =STDEV(C94:D94) -> 0.84560561
B95: =B94/OFFSET(INDEX('Assay protocol'!C:C,MATCH(B91,'Assay protocol'!C:C,0)),0,3) -> 1111.1111 | C95: =OFFSET(INDEX(A:A,MATCH(B91,A:A,0)),0,4) -> 37.830364 | D95: =OFFSET(INDEX(A:A,MATCH(B91,A:A,0)),1,4) -> 31.961175 | E95: =AVERAGE(C95:D95) -> 34.89577 | F95: =STDEV(C95:D95) -> 4.1501433
B96: =B95/OFFSET(INDEX('Assay protocol'!C:C,MATCH(B91,'Assay protocol'!C:C,0)),0,3) -> 370.37037 | C96: =OFFSET(INDEX(A:A,MATCH(B91,A:A,0)),0,5) -> 14.830906 | D96: =OFFSET(INDEX(A:A,MATCH(B91,A:A,0)),1,5) -> 19.521712 | E96: =AVERAGE(C96:D96) -> 17.176309 | F96: =STDEV(C96:D96) -> 3.3169004
B97: =B96/OFFSET(INDEX('Assay protocol'!C:C,MATCH(B91,'Assay protocol'!C:C,0)),0,3) -> 123.45679 | C97: =OFFSET(INDEX(A:A,MATCH(B91,A:A,0)),0,6) -> -3.449773 | D97: =OFFSET(INDEX(A:A,MATCH(B91,A:A,0)),1,6) -> 2.5487934 | E97: =AVERAGE(C97:D97) -> -0.45048983 | F97: =STDEV(C97:D97) -> 4.2416269
B98: =B97/OFFSET(INDEX('Assay protocol'!C:C,MATCH(B91,'Assay protocol'!C:C,0)),0,3) -> 41.152263 | C98: =OFFSET(INDEX(A:A,MATCH(B91,A:A,0)),0,7) -> -3.1001043 | D98: =OFFSET(INDEX(A:A,MATCH(B91,A:A,0)),1,7) -> 2.6729257 | E98: =AVERAGE(C98:D98) -> -0.21358929 | F98: =STDEV(C98:D98) -> 4.0821487
B99: =B98/OFFSET(INDEX('Assay protocol'!C:C,MATCH(B91,'Assay protocol'!C:C,0)),0,3) -> 13.717421 | C99: =OFFSET(INDEX(A:A,MATCH(B91,A:A,0)),0,8) -> -0.4636024 | D99: =OFFSET(INDEX(A:A,MATCH(B91,A:A,0)),1,8) -> -6.7768706 | E99: =AVERAGE(C99:D99) -> -3.6202365 | F99: =STDEV(C99:D99) -> 4.4641547
B100: =B99/OFFSET(INDEX('Assay protocol'!C:C,MATCH(B91,'Assay protocol'!C:C,0)),0,3) -> 4.5724737 | C100: =OFFSET(INDEX(A:A,MATCH(B91,A:A,0)),0,9) -> -4.7942491 | D100: =OFFSET(INDEX(A:A,MATCH(B91,A:A,0)),1,9) -> -9.6214254 | E100: =AVERAGE(C100:D100) -> -7.2078372 | F100: =STDEV(C100:D100) -> 3.4133291
B101: =B100/OFFSET(INDEX('Assay protocol'!C:C,MATCH(B91,'Assay protocol'!C:C,0)),0,3) -> 1.5241579 | C101: =OFFSET(INDEX(A:A,MATCH(B91,A:A,0)),0,10) -> -6.5268575 | D101: =OFFSET(INDEX(A:A,MATCH(B91,A:A,0)),1,10) -> -10.020048 | E101: =AVERAGE(C101:D101) -> -8.2734526 | F101: =STDEV(C101:D101) -> 2.4700585
B102: =B101/OFFSET(INDEX('Assay protocol'!C:C,MATCH(B91,'Assay protocol'!C:C,0)),0,3) -> 0.50805263 | C102: =OFFSET(INDEX(A:A,MATCH(B91,A:A,0)),0,11) -> -6.5635727 | D102: =OFFSET(INDEX(A:A,MATCH(B91,A:A,0)),1,11) -> -13.698562 | E102: =AVERAGE(C102:D102) -> -10.131067 | F102: =STDEV(C102:D102) -> 5.0451995
B105: =B106&" in "&'Assay summary'!$B$2 -> HW356057 in WRN(517-1238) in FI assay_ATP preincubation
B106: ='Assay summary'!C5 -> HW356057 | D106: Inhibition% | K106: =[1]!xf4_FitData("",[1]!xf4_SetModel("205"),[1]!xf4_SetParameters(0,FALSE,TRUE,100,FALSE,TRUE,1,FALSE,TRUE,0.1,FALSE,TRUE),[1]!xf4_SetData(B107,B108:B118,D106,E108:E118)) -> #Ok
B107: Conc (nM) | C107: Rep 1 | D107: Rep 2 | E107: Mean | F107: SD | G107: Bottom | H107: Top | I107: IC50 | J107: Hill Slope | K107: =[1]!xf4_Chart2D([1]!xf_Init()&[1]!xf_Title(B105)&[1]!xf_LabelX([1]!xf4_XLabel(K106))&[1]!xf_LabelY([1]!xf4_YLabel(K106))&[1]!xf_ScaleX(FALSE,0.05,100000,,TRUE)&[1]!xf_ScaleY(FALSE,-20,120,30,FALSE)&[1]!xf_Header(K108),[1]!xf4_C2DFit(K106,F108:F118,F108:F118)&[1]!xf4_C2DFitDetails(7,0,0.05,0,0.05)&[1]!xf4_C2DFitPoints(101,,,,1,-1)) -> #Ok
B108: =OFFSET(INDEX('Assay protocol'!C:C,MATCH(B106,'Assay protocol'!C:C,0)),0,2) -> 10000 | C108: =OFFSET(INDEX(A:A,MATCH(B106,A:A,0)),0,2) -> 96.394624 | D108: =OFFSET(INDEX(A:A,MATCH(B106,A:A,0)),1,2) -> 96.434836 | E108: =AVERAGE(C108:D108) -> 96.41473 | F108: =STDEV(C108:D108) -> 0.028434107 | G108: -11.797553 | H108: 96.462061 | I108: 89.279738 | J108: 1.0035513 | K108: =IF(I108<B108,I107&"="&ROUND(I108,1)&"nM",I107&">"&B108&"nM") -> IC50=89.3nM
B109: =B108/OFFSET(INDEX('Assay protocol'!C:C,MATCH(B106,'Assay protocol'!C:C,0)),0,3) -> 3333.3333 | C109: =OFFSET(INDEX(A:A,MATCH(B106,A:A,0)),0,3) -> 92.53603 | D109: =OFFSET(INDEX(A:A,MATCH(B106,A:A,0)),1,3) -> 93.034308 | E109: =AVERAGE(C109:D109) -> 92.785169 | F109: =STDEV(C109:D109) -> 0.35233567
B110: =B109/OFFSET(INDEX('Assay protocol'!C:C,MATCH(B106,'Assay protocol'!C:C,0)),0,3) -> 1111.1111 | C110: =OFFSET(INDEX(A:A,MATCH(B106,A:A,0)),0,4) -> 87.895927 | D110: =OFFSET(INDEX(A:A,MATCH(B106,A:A,0)),1,4) -> 88.626735 | E110: =AVERAGE(C110:D110) -> 88.261331 | F110: =STDEV(C110:D110) -> 0.51675898
B111: =B110/OFFSET(INDEX('Assay protocol'!C:C,MATCH(B106,'Assay protocol'!C:C,0)),0,3) -> 370.37037 | C111: =OFFSET(INDEX(A:A,MATCH(B106,A:A,0)),0,5) -> 76.075377 | D111: =OFFSET(INDEX(A:A,MATCH(B106,A:A,0)),1,5) -> 75.120781 | E111: =AVERAGE(C111:D111) -> 75.598079 | F111: =STDEV(C111:D111) -> 0.67500097
B112: =B111/OFFSET(INDEX('Assay protocol'!C:C,MATCH(B106,'Assay protocol'!C:C,0)),0,3) -> 123.45679 | C112: =OFFSET(INDEX(A:A,MATCH(B106,A:A,0)),0,6) -> 50.747125 | D112: =OFFSET(INDEX(A:A,MATCH(B106,A:A,0)),1,6) -> 52.199999 | E112: =AVERAGE(C112:D112) -> 51.473562 | F112: =STDEV(C112:D112) -> 1.0273366
B113: =B112/OFFSET(INDEX('Assay protocol'!C:C,MATCH(B106,'Assay protocol'!C:C,0)),0,3) -> 41.152263 | C113: =OFFSET(INDEX(A:A,MATCH(B106,A:A,0)),0,7) -> 100.0* | D113: =OFFSET(INDEX(A:A,MATCH(B106,A:A,0)),1,7) -> 21.899459 | E113: =AVERAGE(C113:D113) -> 21.899459
B114: =B113/OFFSET(INDEX('Assay protocol'!C:C,MATCH(B106,'Assay protocol'!C:C,0)),0,3) -> 13.717421 | C114: =OFFSET(INDEX(A:A,MATCH(B106,A:A,0)),0,8) -> 2.2393366 | D114: =OFFSET(INDEX(A:A,MATCH(B106,A:A,0)),1,8) -> 99.8* | E114: =AVERAGE(C114:D114) -> 2.2393366
B115: =B114/OFFSET(INDEX('Assay protocol'!C:C,MATCH(B106,'Assay protocol'!C:C,0)),0,3) -> 4.5724737 | C115: =OFFSET(INDEX(A:A,MATCH(B106,A:A,0)),0,9) -> -11.661742 | D115: =OFFSET(INDEX(A:A,MATCH(B106,A:A,0)),1,9) -> 0.27594687 | E115: =AVERAGE(C115:D115) -> -5.6928976 | F115: =STDEV(C115:D115) -> 8.4412209
...

Sheet Raw data
A3: User: Enzyme-LT
A4: Path: C:\Program Files (x86)\BMG\CLARIOstar\Enzyme-LT\Data
A5: Test ID: 10723
A6: Test Name: wrn fi
A7: Date: 2024/12/16
A8: Time: 19:03:36
A9: Fluorescence (FI)
B13: Raw Data (620-15/685-20)
B14: 1 | C14: 2 | D14: 3 | E14: 4 | F14: 5 | G14: 6 | H14: 7 | I14: 8 | J14: 9 | K14: 10 | L14: 11 | M14: 12 | N14: 13 | O14: 14 | P14: 15 | Q14: 16 | R14: 17 | S14: 18 | T14: 19 | U14: 20 | V14: 21 | W14: 22 | X14: 23 | Y14: 24
A15: A | B15: 4712 | C15: 5443 | D15: 7030 | E15: 9849 | F15: 12861 | G15: 21328 | H15: 37237 | I15: 49370 | J15: 58978 | K15: 24828 | L15: 64723 | M15: 61917
A16: B | B16: 4854 | C16: 5494 | D16: 7432 | E16: 9852 | F16: 13155 | G16: 20955 | H16: 36078 | I16: 52362 | J16: 61943 | K16: 64748 | L16: 67402 | M16: 62961
A17: C | B17: 4776 | C17: 12753 | D17: 12716 | E17: 19110 | F17: 32550 | G17: 48799 | H17: 55075 | I17: 61352 | J17: 60832 | K17: 67215 | L17: 66256 | M17: 59365
A18: D | B18: 4972 | C18: 13199 | D18: 12993 | E18: 20665 | F18: 33423 | G18: 49067 | H18: 61189 | I18: 65182 | J18: 62585 | K18: 63226 | L18: 66662 | M18: 63236
A19: E | B19: 4852 | C19: 13750 | D19: 24710 | E19: 40471 | F19: 53626 | G19: 64082 | H19: 63882 | I19: 62374 | J19: 64851 | K19: 65842 | L19: 65863 | M19: 62075
A20: F | B20: 4839 | C20: 14208 | D20: 25394 | E20: 43828 | F20: 50943 | G20: 60651 | H20: 60580 | I20: 65985 | J20: 67612 | K20: 67840 | L20: 69944 | M20: 64076
A21: G | B21: 4706 | C21: 6974 | D21: 9181 | E21: 11835 | F21: 18596 | G21: 33083 | H21: 4911 | I21: 60828 | J21: 68779 | K21: 68733 | L21: 69292 | M21: 63540
A22: H | B22: 4849 | C22: 6951 | D22: 8896 | E22: 11417 | F22: 19142 | G22: 32252 | H22: 49583 | I22: 5018 | J22: 61951 | K22: 67170 | L22: 68036 | M22: 62646
A23: I | B23: 4840 | C23: 15370 | D23: 34684 | E23: 23876 | F23: 30070 | G23: 46866 | H23: 53000 | I23: 61351 | J23: 67440 | K23: 5008 | L23: 69593 | M23: 59393
A24: J | B24: 5173 | C24: 17457 | D24: 35293 | E24: 21418 | F24: 27398 | G24: 45802 | H24: 5071 | I24: 64058 | J24: 68138 | K24: 4984 | L24: 70549 | M24: 62755
A25: K | B25: 5118 | C25: 7380 | D25: 9744 | E25: 12404 | F25: 19448 | G25: 34812 | H25: 50279 | I25: 60470 | J25: 67051 | K25: 68167 | L25: 4955 | M25: 62144
A26: L | B26: 5251 | C26: 7463 | D26: 10036 | E26: 5047 | F26: 22210 | G26: 36841 | H26: 5008 | I26: 61065 | J26: 67152 | K26: 65898 | L26: 69353 | M26: 61198
A27: M
A28: N
A29: O
A30: P

Sheet Compound information
C3: 湖北生物医药产业技术研究院有限公司化合物样品送样单
C5: 送样人： （签名） | D5: 送样日期： （必填）
A7: 样品信息
A8: 化合物编号 （必填） | B8: 批号 | C8: 分子量（M.W) （必填） | D8: 纯度 | E8: 样品量（mg） | F8: 储液浓度(mM) | G8: 溶剂体积(μL)
A9: HW356058 | B9: HWH817-YBC-035-3-80-1 | C9: 535.58 | D9: 0.9743 | E9: 3.49 | F9: 10 | G9: 634.88312
A10: HW356035 | B10: 20241206 | C10: 471.45 | D10: 0.9487 | E10: 3.96 | F10: 10 | G10: 796.87178
A11: HW356057 | B11: HWH817-XQ-35-6057 | C11: 585.15 | D11: 0.987 | E11: 3.18 | F11: 10 | G11: 536.38554
A12: HW356061 | B12: HWH817-XQ-35-6061 | C12: 596.13 | D12: 0.94 | E12: 3.52 | F12: 10 | G12: 555.04672
A13: HW356064 | B13: HWH817-XQ-35-6064 | C13: 570.14 | D13: 0.991 | E13: 3.86 | F13: 10 | G13: 670.93345
B26: 接收单位
