Workbook

Sheet Signature
B4: HCT116 Cell Proliferation Assay Report
B7: Assay name | C7: Cell Proliferation Assay with TEAD inhibitor
B8: Purpose | C8: To obtain IC50 of test compounds on HCT116 cell lines
B13: Assay Date | C13: 45559
B14: Report Release Date | C14: 45565
B17: Assay Performed by | C17: Xiulan Yang | D17: Signature:
B18: Study Director | C18: Xin Zhao | D18: Signature:
B19: Report Prepared by | C19: Xiulan Yang | D19: Signature:
B20: Report Approval | C20: Xin Zhao | D20: Signature:

Sheet Summary
A1: Assay Date | B1: 45565
A2: Assay name | B2: HCT116 proliferation Assay
A3: Cell line | B3: HCT116 cell lines
A4: Summary-HCT116
A5: Entry | B5: Compound ID | C5: Start Conc., nM | D5: Dilution Fold | E5: Min Inhibition% | F5: Max Inhibition% | G5: Bottom | H5: Top | I5: R_IC50, nM | J5: A_IC50, nM
A6: 1 | B6: HW350003A | C6: 10000 | D6: 3 | E6: =OFFSET(INDEX('IC50 Curve'!$A:$A,MATCH(Summary!B6,'IC50 Curve'!$A:$A,0),1),6,7) -> 0 | F6: =OFFSET(INDEX('IC50 Curve'!$A:$A,MATCH(Summary!B6,'IC50 Curve'!$A:$A,0),1),5,7) -> 0 | G6: =OFFSET(INDEX('IC50 Curve'!$A:$A,MATCH(Summary!B6,'IC50 Curve'!$A:$A,0),1),0,7) -> 1.907 | H6: =OFFSET(INDEX('IC50 Curve'!$A:$A,MATCH(Summary!B6,'IC50 Curve'!$A:$A,0),1),1,7) -> 89.87 | I6: =OFFSET(INDEX('IC50 Curve'!$A:$A,MATCH(Summary!B6,'IC50 Curve'!$A:$A,0),1),2,7) -> 34.56 | J6: =OFFSET(INDEX('IC50 Curve'!$A:$A,MATCH(Summary!B6,'IC50 Curve'!$A:$A,0),1),3,7) -> 38.459
A7: 2 | B7: HW356011 | C7: 10000 | D7: 3 | E7: =OFFSET(INDEX('IC50 Curve'!$A:$A,MATCH(Summary!B7,'IC50 Curve'!$A:$A,0),1),6,7) -> 0 | F7: =OFFSET(INDEX('IC50 Curve'!$A:$A,MATCH(Summary!B7,'IC50 Curve'!$A:$A,0),1),5,7) -> 0 | G7: =OFFSET(INDEX('IC50 Curve'!$A:$A,MATCH(Summary!B7,'IC50 Curve'!$A:$A,0),1),0,7) -> -2.544 | H7: =OFFSET(INDEX('IC50 Curve'!$A:$A,MATCH(Summary!B7,'IC50 Curve'!$A:$A,0),1),1,7) -> 98.66 | I7: =OFFSET(INDEX('IC50 Curve'!$A:$A,MATCH(Summary!B7,'IC50 Curve'!$A:$A,0),1),2,7) -> 128.8 | J7: =OFFSET(INDEX('IC50 Curve'!$A:$A,MATCH(Summary!B7,'IC50 Curve'!$A:$A,0),1),3,7) -> 136.1444
A8: 3 | B8: HW356012 | C8: 10000 | D8: 3 | E8: =OFFSET(INDEX('IC50 Curve'!$A:$A,MATCH(Summary!B8,'IC50 Curve'!$A:$A,0),1),6,7) -> 0 | F8: =OFFSET(INDEX('IC50 Curve'!$A:$A,MATCH(Summary!B8,'IC50 Curve'!$A:$A,0),1),5,7) -> 0 | G8: =OFFSET(INDEX('IC50 Curve'!$A:$A,MATCH(Summary!B8,'IC50 Curve'!$A:$A,0),1),0,7) -> -1.555 | H8: =OFFSET(INDEX('IC50 Curve'!$A:$A,MATCH(Summary!B8,'IC50 Curve'!$A:$A,0),1),1,7) -> 99.44 | I8: =OFFSET(INDEX('IC50 Curve'!$A:$A,MATCH(Summary!B8,'IC50 Curve'!$A:$A,0),1),2,7) -> 1680 | J8: =OFFSET(INDEX('IC50 Curve'!$A:$A,MATCH(Summary!B8,'IC50 Curve'!$A:$A,0),1),3,7) -> 1698.243
A9: 4 | B9: HW356020 | C9: 10000 | D9: 3 | E9: =OFFSET(INDEX('IC50 Curve'!$A:$A,MATCH(Summary!B9,'IC50 Curve'!$A:$A,0),1),6,7) -> 0 | F9: =OFFSET(INDEX('IC50 Curve'!$A:$A,MATCH(Summary!B9,'IC50 Curve'!$A:$A,0),1),5,7) -> 0 | G9: =OFFSET(INDEX('IC50 Curve'!$A:$A,MATCH(Summary!B9,'IC50 Curve'!$A:$A,0),1),0,7) -> 2.343 | H9: =OFFSET(INDEX('IC50 Curve'!$A:$A,MATCH(Summary!B9,'IC50 Curve'!$A:$A,0),1),1,7) -> 8 | I9: =OFFSET(INDEX('IC50 Curve'!$A:$A,MATCH(Summary!B9,'IC50 Curve'!$A:$A,0),1),2,7) -> ＞10000 | J9: =OFFSET(INDEX('IC50 Curve'!$A:$A,MATCH(Summary!B9,'IC50 Curve'!$A:$A,0),1),3,7) -> ＞10000
A10: 5 | B10: HW356046 | C10: 10000 | D10: 3 | E10: =OFFSET(INDEX('IC50 Curve'!$A:$A,MATCH(Summary!B10,'IC50 Curve'!$A:$A,0),1),6,7) -> 0 | F10: =OFFSET(INDEX('IC50 Curve'!$A:$A,MATCH(Summary!B10,'IC50 Curve'!$A:$A,0),1),5,7) -> 0 | G10: =OFFSET(INDEX('IC50 Curve'!$A:$A,MATCH(Summary!B10,'IC50 Curve'!$A:$A,0),1),0,7) -> -0.0603 | H10: =OFFSET(INDEX('IC50 Curve'!$A:$A,MATCH(Summary!B10,'IC50 Curve'!$A:$A,0),1),1,7) -> 92.45 | I10: =OFFSET(INDEX('IC50 Curve'!$A:$A,MATCH(Summary!B10,'IC50 Curve'!$A:$A,0),1),2,7) -> 534.2 | J10: =OFFSET(INDEX('IC50 Curve'!$A:$A,MATCH(Summary!B10,'IC50 Curve'!$A:$A,0),1),3,7) -> 562.341
A11: 6 | B11: HW356048 | C11: 10000 | D11: 3 | E11: =OFFSET(INDEX('IC50 Curve'!$A:$A,MATCH(Summary!B11,'IC50 Curve'!$A:$A,0),1),6,7) -> 0 | F11: =OFFSET(INDEX('IC50 Curve'!$A:$A,MATCH(Summary!B11,'IC50 Curve'!$A:$A,0),1),5,7) -> 0 | G11: =OFFSET(INDEX('IC50 Curve'!$A:$A,MATCH(Summary!B11,'IC50 Curve'!$A:$A,0),1),0,7) -> 0.2928 | H11: =OFFSET(INDEX('IC50 Curve'!$A:$A,MATCH(Summary!B11,'IC50 Curve'!$A:$A,0),1),1,7) -> 90.79 | I11: =OFFSET(INDEX('IC50 Curve'!$A:$A,MATCH(Summary!B11,'IC50 Curve'!$A:$A,0),1),2,7) -> 91.48 | J11: =OFFSET(INDEX('IC50 Curve'!$A:$A,MATCH(Summary!B11,'IC50 Curve'!$A:$A,0),1),3,7) -> 101.859

Sheet Protocol
A1: Objective
A2: To obtain IC50 of test compounds on HCT116 cell lines
A4: Incubation Time
A5: 120Hr
A7: Method
A8: CTG
A10: Procedure
A11: 1. When cell confluence come to 80%, collect and count cells.
A12: 2. Dilute dilute cell suspension to 500 cells/well. Seed 100uls of cell suspensions into each well of a 96-well plate.
A13: 3.Return the cell plate into a 37 ℃, 5%CO2 incubator.
A14: 4. After 24 hours incubation, add 100ul of diluted compound solution into designated wells of the plate. The compound layout is on the next slide ,the final DMSO concentration is 0.1%.
A15: 5. Return the plate into the incubator for 120Hrs.
... A17: 7. Data analysis
A18: a) | B18: Assay robustness check with DMSO and Medium control data:
B19: H=Ave (DMSO)
B20: L= Ave (Medium)
B21: SD (H) =STDEV (DMSO)
B22: SD (L) =STDEV (Medium)
B23: CV% (DMSO) =100* (SD_H/Ave_H)
B24: CV% (Medium) =100*SD_L/Ave_L
B25: Z'=1-3*(SD_H+ SD_L)/ (Ave_H - Ave_L)
B26: Inhibition%=(Ave_H-Sample)/(Ave_H-Ave_L)
A27: b) | B27: Fit the cpd IC50 from non-linear regression equation:
B28: Y=Bottom + (Top-Bottom)/(1+10^((LogIC50-X)*HillSlope))
B29: X: cpd concentration
B30: Y: inhibition%
B31: Top and Bottom: Plateaus in same units as Y
B32: logIC50: same log units as X
B33: HillSlope: Slope factor or Hill slope
A34: c) | B34: R_IC50=Relative IC50
B35: A_IC50=Absolute IC50

Sheet Compound Information
B1: Compound Information
B2: # | C2: Compound ID | D2: Solvent | E2: Storage Condition | F2: Stock (mM)
B4: 1 | C4: HW350003A | D4: DMSO | E4: -20℃ | F4: 10
B5: 2 | C5: HW356011 | D5: DMSO | E5: -20℃ | F5: 10
B6: 3 | C6: HW356012 | D6: DMSO | E6: -20℃ | F6: 10
B7: 4 | C7: HW356020 | D7: DMSO | E7: -20℃ | F7: 10
B8: 5 | C8: HW356046 | D8: DMSO | E8: -20℃ | F8: 10
B9: 6 | C9: HW356048 | D9: DMSO | E9: -20℃ | F9: 10
B11: Compound Dilution
B12: # | C12: Compound ID | D12: DMSO Stock | E12: Start Conc. | F12: Dose Dilution | G12: Add 100 μL into 100 μL medium, Final DMSO 0.1%
E13: In Source Plate | F13: 3-Fold Serial Dilution/dose 1-dose9 | G13: Final Conc. in Assay Plate, nM
B14: 1 | C14: HW350003A | D14: 10 mM | E14: 10 mM | F14: Add 5 μL 10 mM into 10 μL DMSO | G14: 10000
B15: 2 | C15: HW356011 | D15: 10 mM | E15: 10 mM | F15: Add 5 μL 10 mM into 10 μL DMSO | G15: 10000
B16: 3 | C16: HW356012 | D16: 10 mM | E16: 10 mM | F16: Add 5 μL 10 mM into 10 μL DMSO | G16: 10000
B17: 4 | C17: HW356020 | D17: 10 mM | E17: 10 mM | F17: Add 5 μL 10 mM into 10 μL DMSO | G17: 10000
B18: 5 | C18: HW356046 | D18: 10 mM | E18: 10 mM | F18: Add 5 μL 10 mM into 10 μL DMSO | G18: 10000
B19: 6 | C19: HW356048 | D19: 10 mM | E19: 10 mM | F19: Add 5 μL 10 mM into 10 μL DMSO | G19: 10000

Sheet Raw Data IC50
B2: Plate 1_Plate Map
C3: 1 | D3: 2 | E3: 3 | F3: 4 | G3: 5 | H3: 6 | I3: 7 | J3: 8 | K3: 9 | L3: 10 | M3: 11 | N3: 12
B4: A | C4: Medium | D4: Conc. nM | M4: DMSO
B5: B | D5: 10000 | E5: =D5/3 -> 3333.3333 | F5: =E5/3 -> 1111.1111 | G5: =F5/3 -> 370.37037 | H5: =G5/3 -> 123.45679 | I5: =H5/3 -> 41.152263 | J5: =I5/3 -> 13.717421 | K5: =J5/3 -> 4.5724737 | L5: =K5/3 -> 1.5241579 | M5: 0
B6: C
B7: D | D7: 10000 | E7: =D7/3 -> 3333.3333 | F7: =E7/3 -> 1111.1111 | G7: =F7/3 -> 370.37037 | H7: =G7/3 -> 123.45679 | I7: =H7/3 -> 41.152263 | J7: =I7/3 -> 13.717421 | K7: =J7/3 -> 4.5724737 | L7: =K7/3 -> 1.5241579 | M7: 0
B8: E
B9: F | D9: 10000 | E9: =D9/3 -> 3333.3333 | F9: =E9/3 -> 1111.1111 | G9: =F9/3 -> 370.37037 | H9: =G9/3 -> 123.45679 | I9: =H9/3 -> 41.152263 | J9: =I9/3 -> 13.717421 | K9: =J9/3 -> 4.5724737 | L9: =K9/3 -> 1.5241579 | M9: 0
B10: G
B11: H | C11: Low control | M11: High Control
C13: Plate 1_Raw Data
C14: 1 | D14: 2 | E14: 3 | F14: 4 | G14: 5 | H14: 6 | I14: 7 | J14: 8 | K14: 9 | L14: 10 | M14: 11 | N14: 12
B15: A
B16: B | C16: 1017 | D16: 59587 | E16: 65340 | F16: 62700 | G16: 77472 | H16: 126144 | I16: 302159 | J16: 518604 | K16: 601061 | L16: 610788 | M16: 617476
B17: C | C17: 1216 | D17: 63847 | E17: 60462 | F17: 69609 | G17: 75580 | H17: 124243 | I17: 294370 | J17: 544881 | K17: 636550 | L17: 610418 | M17: 630373
B18: D | C18: 703 | D18: 7773 | E18: 7092 | F18: 54002 | G18: 130101 | H18: 313392 | I18: 546065 | J18: 618984 | K18: 623979 | L18: 651181 | M18: 630055
B19: E | C19: 620 | D19: 8608 | E19: 8060 | F19: 59765 | G19: 134644 | H19: 352567 | I19: 548022 | J19: 634525 | K19: 633485 | L19: 666292 | M19: 654749
B20: F | C20: 794 | D20: 6091 | E20: 52718 | F20: 516195 | G20: 608195 | H20: 646625 | I20: 649108 | J20: 669413 | K20: 658310 | L20: 651488 | M20: 648798
B21: G | C21: 667 | D21: 5462 | E21: 45719 | F21: 551684 | G21: 651095 | H21: 640505 | I21: 641180 | J21: 629080 | K21: 646719 | L21: 647634 | M21: 631762
B22: H | C22: Low Control | M22: High Control
C23: 0.1%DMSO | D23: Ave | E23: SD | F23: CV | G23: Z'
C24: H | D24: =AVERAGE(M16:M21) -> 635535.5 | E24: =STDEV(M16:M21) -> 13726.796 | F24: =E24/D24 -> 0.021598787 | G24: =1-(3*(E24+E25)/(D24-D25)) -> 0.93401618
C25: L | D25: =AVERAGE(C16:C21) -> 836.16667 | E25: =STDEV(C16:C21) -> 233.16553 | F25: =E25/D25 -> 0.27885055
C27: Plate 1_Inhibition %
C28: 1 | D28: 2 | E28: 3 | F28: 4 | G28: 5 | H28: 6 | I28: 7 | J28: 8 | K28: 9 | L28: 10 | M28: 11 | N28: 12
B29: A | D29: Conc. nM
A30: =Summary!B6 -> HW350003A | B30: B | D30: =($D$24-D16)/($D$24-$D$25)*100 -> 90.743517 | E30: =($D$24-E16)/($D$24-$D$25)*100 -> 89.837104 | F30: =($D$24-F16)/($D$24-$D$25)*100 -> 90.253049 | G30: =($D$24-G16)/($D$24-$D$25)*100 -> 87.925648 | H30: =($D$24-H16)/($D$24-$D$25)*100 -> 80.257135 | I30: =($D$24-I16)/($D$24-$D$25)*100 -> 52.525106 | J30: =($D$24-J16)/($D$24-$D$25)*100 -> 18.423133 | K30: =($D$24-K16)/($D$24-$D$25)*100 -> 5.4316269 | ... M30: =($D$24-M16)/($D$24-$D$25)*100 -> 2.845363
B31: C | D31: =($D$24-D17)/($D$24-$D$25)*100 -> 90.072333 | E31: =($D$24-E17)/($D$24-$D$25)*100 -> 90.605657 | F31: =($D$24-F17)/($D$24-$D$25)*100 -> 89.164502 | G31: =($D$24-G17)/($D$24-$D$25)*100 -> 88.223742 | H31: =($D$24-H17)/($D$24-$D$25)*100 -> 80.556647 | I31: =($D$24-I17)/($D$24-$D$25)*100 -> 53.752302 | J31: =($D$24-J17)/($D$24-$D$25)*100 -> 14.283062 | K31: =($D$24-K17)/($D$24-$D$25)*100 -> -0.15983946 | ... M31: =($D$24-M17)/($D$24-$D$25)*100 -> 0.81337725
A32: =Summary!B7 -> HW356011 | B32: D | D32: =($D$24-D18)/($D$24-$D$25)*100 -> 98.907068 | E32: =($D$24-E18)/($D$24-$D$25)*100 -> 99.014363 | F32: =($D$24-F18)/($D$24-$D$25)*100 -> 91.623462 | G32: =($D$24-G18)/($D$24-$D$25)*100 -> 79.63369 | H32: =($D$24-H18)/($D$24-$D$25)*100 -> 50.755292 | I32: =($D$24-I18)/($D$24-$D$25)*100 -> 14.096517 | J32: =($D$24-J18)/($D$24-$D$25)*100 -> 2.6077702 | K32: =($D$24-K18)/($D$24-$D$25)*100 -> 1.8207834 | ... M32: =($D$24-M18)/($D$24-$D$25)*100 -> 0.86347972
B33: E | D33: =($D$24-D19)/($D$24-$D$25)*100 -> 98.775509 | E33: =($D$24-E19)/($D$24-$D$25)*100 -> 98.86185 | F33: =($D$24-F19)/($D$24-$D$25)*100 -> 90.715473 | G33: =($D$24-G19)/($D$24-$D$25)*100 -> 78.917918 | H33: =($D$24-H19)/($D$24-$D$25)*100 -> 44.583078 | I33: =($D$24-I19)/($D$24-$D$25)*100 -> 13.788182 | J33: =($D$24-J19)/($D$24-$D$25)*100 -> 0.15920924 | K33: =($D$24-K19)/($D$24-$D$25)*100 -> 0.32306635 | ... M33: =($D$24-M19)/($D$24-$D$25)*100 -> -3.0271814
A34: =Summary!B8 -> HW356012 | B34: F | D34: =($D$24-D20)/($D$24-$D$25)*100 -> 99.172075 | E34: =($D$24-E20)/($D$24-$D$25)*100 -> 91.825762 | F34: =($D$24-F20)/($D$24-$D$25)*100 -> 18.802682 | G34: =($D$24-G20)/($D$24-$D$25)*100 -> 4.3076302 | H34: =($D$24-H20)/($D$24-$D$25)*100 -> -1.7472052 | I34: =($D$24-I20)/($D$24-$D$25)*100 -> -2.1384141 | J34: =($D$24-J20)/($D$24-$D$25)*100 -> -5.3375667 | K34: =($D$24-K20)/($D$24-$D$25)*100 -> -3.5882344 | ... M34: =($D$24-M20)/($D$24-$D$25)*100 -> -2.0895721
B35: G | D35: =($D$24-D21)/($D$24-$D$25)*100 -> 99.271177 | E35: =($D$24-E21)/($D$24-$D$25)*100 -> 92.928489 | F35: =($D$24-F21)/($D$24-$D$25)*100 -> 13.211216 | G35: =($D$24-G21)/($D$24-$D$25)*100 -> -2.4514757 | H35: =($D$24-H21)/($D$24-$D$25)*100 -> -0.78296915 | I35: =($D$24-I21)/($D$24-$D$25)*100 -> -0.88931872 | J35: =($D$24-J21)/($D$24-$D$25)*100 -> 1.0170958 | K35: =($D$24-K21)/($D$24-$D$25)*100 -> -1.7620154 | ... M35: =($D$24-M21)/($D$24-$D$25)*100 -> 0.59453347
B36: H
B38: Plate 2_Plate Map
C39: 1 | D39: 2 | E39: 3 | F39: 4 | G39: 5 | H39: 6 | I39: 7 | J39: 8 | K39: 9 | L39: 10 | M39: 11 | N39: 12
B40: A | C40: Medium | D40: Conc. nM | M40: DMSO
B41: B | D41: 10000 | E41: =D41/3 -> 3333.3333 | F41: =E41/3 -> 1111.1111 | G41: =F41/3 -> 370.37037 | H41: =G41/3 -> 123.45679 | I41: =H41/3 -> 41.152263 | J41: =I41/3 -> 13.717421 | K41: =J41/3 -> 4.5724737 | L41: =K41/3 -> 1.5241579 | M41: 0
B42: C
B43: D | D43: 10000 | E43: =D43/3 -> 3333.3333 | F43: =E43/3 -> 1111.1111 | G43: =F43/3 -> 370.37037 | H43: =G43/3 -> 123.45679 | I43: =H43/3 -> 41.152263 | J43: =I43/3 -> 13.717421 | K43: =J43/3 -> 4.5724737 | L43: =K43/3 -> 1.5241579 | M43: 0
B44: E
B45: F | D45: 10000 | E45: =D45/3 -> 3333.3333 | F45: =E45/3 -> 1111.1111 | G45: =F45/3 -> 370.37037 | H45: =G45/3 -> 123.45679 | I45: =H45/3 -> 41.152263 | J45: =I45/3 -> 13.717421 | K45: =J45/3 -> 4.5724737 | L45: =K45/3 -> 1.5241579 | M45: 0
B46: G
B47: H | C47: Low control | M47: High Control
C49: Plate 2_Raw Data
C50: 1 | D50: 2 | E50: 3 | F50: 4 | G50: 5 | H50: 6 | I50: 7 | J50: 8 | K50: 9 | L50: 10 | M50: 11 | N50: 12
B51: A
B52: B | C52: 7844 | D52: 529710 | E52: 575066 | F52: 568254 | G52: 577959 | H52: 586689 | I52: 576124 | J52: 567214 | K52: 588838 | L52: 597786 | M52: 587800
B53: C | C53: 8885 | D53: 575428 | E53: 604022 | F53: 597227 | G53: 612824 | H53: 589093 | I53: 605734 | J53: 604451 | K53: 607568 | L53: 587506 | M53: 598211
B54: D | C54: 3383 | D54: 32353 | E54: 71705 | F54: 99071 | G54: 457469 | H54: 595413 | I54: 623345 | J54: 615911 | K54: 582972 | L54: 595009 | M54: 612185
B55: E | C55: 1699 | D55: 29545 | E55: 71617 | F55: 93059 | G55: 491577 | H55: 585687 | I55: 619143 | J55: 599309 | K55: 618273 | L55: 603412 | M55: 603764
B56: F | C56: 1575 | D56: 47894 | E56: 61416 | F56: 70306 | G56: 110622 | H56: 266500 | I56: 504858 | J56: 598772 | K56: 612298 | L56: 601218 | M56: 619944
B57: G | C57: 1224 | D57: 49974 | E57: 65740 | F57: 68269 | G57: 93334 | H57: 241126 | I57: 508412 | J57: 563578 | K57: 601615 | L57: 598526 | M57: 606338
B58: H | C58: Low Control | M58: High Control
C59: 0.1%DMSO | D59: Ave | E59: SD | F59: CV | G59: Z'
C60: H | D60: =AVERAGE(M52:M57) -> 604707 | E60: =STDEV(M52:M55) -> 10226.144 | F60: =E60/D60 -> 0.016910907 | G60: =1-(3*(E60+E61)/(D60-D61)) -> 0.93164833
C61: L | D61: =AVERAGE(C52:C57) -> 4101.6667 | E61: =STDEV(C52:C55) -> 3457.9821 | F61: =E61/D61 -> 0.84306756
C63: Plate 2_Inhibition %
C64: 1 | D64: 2 | E64: 3 | F64: 4 | G64: 5 | H64: 6 | I64: 7 | J64: 8 | K64: 9 | L64: 10 | M64: 11 | N64: 12
B65: A | D65: Conc. nM
A66: =Summary!B9 -> HW356020 | B66: B | D66: =($D$60-D52)/($D$60-$D$61)*100 -> 12.486902 | E66: =($D$60-E52)/($D$60-$D$61)*100 -> 4.9351876 | F66: =($D$60-F52)/($D$60-$D$61)*100 -> 6.0693767 | G66: =($D$60-G52)/($D$60-$D$61)*100 -> 4.4535069 | H66: =($D$60-H52)/($D$60-$D$61)*100 -> 2.9999734 | I66: =($D$60-I52)/($D$60-$D$61)*100 -> 4.759032 | J66: =($D$60-J52)/($D$60-$D$61)*100 -> 6.2425353 | K66: =($D$60-K52)/($D$60-$D$61)*100 -> 2.6421677 | ... M66: =($D$60-M52)/($D$60-$D$61)*100 -> 2.8149933
B67: C | D67: =($D$60-D53)/($D$60-$D$61)*100 -> 4.8749151 | E67: =($D$60-E53)/($D$60-$D$61)*100 -> 0.1140516 | F67: =($D$60-F53)/($D$60-$D$61)*100 -> 1.2454102 | G67: =($D$60-G53)/($D$60-$D$61)*100 -> -1.3514699 | H67: =($D$60-H53)/($D$60-$D$61)*100 -> 2.5997105 | I67: =($D$60-I53)/($D$60-$D$61)*100 -> -0.17099415 | J67: =($D$60-J53)/($D$60-$D$61)*100 -> 0.042623664 | K67: =($D$60-K53)/($D$60-$D$61)*100 -> -0.47635275 | ... M67: =($D$60-M53)/($D$60-$D$61)*100 -> 1.0815755
A68: =Summary!B10 -> HW356046 | B68: D | D68: =($D$60-D54)/($D$60-$D$61)*100 -> 95.29619 | E68: =($D$60-E54)/($D$60-$D$61)*100 -> 88.744134 | F68: =($D$60-F54)/($D$60-$D$61)*100 -> 84.187731 | G68: =($D$60-G54)/($D$60-$D$61)*100 -> 24.514934 | H68: =($D$60-H54)/($D$60-$D$61)*100 -> 1.5474388 | I68: =($D$60-I54)/($D$60-$D$61)*100 -> -3.1032025 | J68: =($D$60-J54)/($D$60-$D$61)*100 -> -1.8654513 | K68: =($D$60-K54)/($D$60-$D$61)*100 -> 3.618849 | ... M68: =($D$60-M54)/($D$60-$D$61)*100 -> -1.2450772
B69: E | D69: =($D$60-D55)/($D$60-$D$61)*100 -> 95.763718 | E69: =($D$60-E55)/($D$60-$D$61)*100 -> 88.758786 | F69: =($D$60-F55)/($D$60-$D$61)*100 -> 85.188721 | G69: =($D$60-G55)/($D$60-$D$61)*100 -> 18.835997 | H69: =($D$60-H55)/($D$60-$D$61)*100 -> 3.166805 | I69: =($D$60-I55)/($D$60-$D$61)*100 -> -2.4035751 | J69: =($D$60-J55)/($D$60-$D$61)*100 -> 0.89875992 | K69: =($D$60-K55)/($D$60-$D$61)*100 -> -2.2587212 | ... M69: =($D$60-M55)/($D$60-$D$61)*100 -> 0.15700826
A70: =Summary!B11 -> HW356048 | B70: F | D70: =($D$60-D56)/($D$60-$D$61)*100 -> 92.708634 | E70: =($D$60-E56)/($D$60-$D$61)*100 -> 90.457239 | F70: =($D$60-F56)/($D$60-$D$61)*100 -> 88.977065 | G70: =($D$60-G56)/($D$60-$D$61)*100 -> 82.264504 | H70: =($D$60-H56)/($D$60-$D$61)*100 -> 56.311022 | I70: =($D$60-I56)/($D$60-$D$61)*100 -> 16.624727 | J70: =($D$60-J56)/($D$60-$D$61)*100 -> 0.98816971 | K70: =($D$60-K56)/($D$60-$D$61)*100 -> -1.2638915 | ... M70: =($D$60-M56)/($D$60-$D$61)*100 -> -2.5369405
B71: G | D71: =($D$60-D57)/($D$60-$D$61)*100 -> 92.362317 | E71: =($D$60-E57)/($D$60-$D$61)*100 -> 89.737298 | F71: =($D$60-F57)/($D$60-$D$61)*100 -> 89.316223 | G71: =($D$60-G57)/($D$60-$D$61)*100 -> 85.142934 | H71: =($D$60-H57)/($D$60-$D$61)*100 -> 60.535759 | I71: =($D$60-I57)/($D$60-$D$61)*100 -> 16.032991 | J71: =($D$60-J57)/($D$60-$D$61)*100 -> 6.8479245 | K71: =($D$60-K57)/($D$60-$D$61)*100 -> 0.51481394 | ... M71: =($D$60-M57)/($D$60-$D$61)*100 -> -0.27155936
B72: H
B73: Plate 3_Plate Map
C74: 1 | D74: 2 | E74: 3 | F74: 4 | G74: 5 | H74: 6 | I74: 7 | J74: 8 | K74: 9 | L74: 10 | M74: 11 | N74: 12
B75: A | C75: Medium | D75: Conc. nM | M75: DMSO
B76: B | D76: 10000 | E76: =D76/3 -> 3333.3333 | F76: =E76/3 -> 1111.1111 | G76: =F76/3 -> 370.37037 | H76: =G76/3 -> 123.45679 | I76: =H76/3 -> 41.152263 | J76: =I76/3 -> 13.717421 | K76: =J76/3 -> 4.5724737 | L76: =K76/3 -> 1.5241579 | M76: 0
B77: C
B78: D | D78: 10000 | E78: =D78/3 -> 3333.3333 | F78: =E78/3 -> 1111.1111 | G78: =F78/3 -> 370.37037 | H78: =G78/3 -> 123.45679 | I78: =H78/3 -> 41.152263 | J78: =I78/3 -> 13.717421 | K78: =J78/3 -> 4.5724737 | L78: =K78/3 -> 1.5241579 | M78: 0
B79: E
B80: F | M80: 0
B81: G
B82: H | C82: Low control | M82: High Control
C84: Plate 3_Raw Data
C85: 1 | D85: 2 | E85: 3 | F85: 4 | G85: 5 | H85: 6 | I85: 7 | J85: 8 | K85: 9 | L85: 10 | M85: 11 | N85: 12
B86: A
B87: B
B88: C
B89: D
B90: E
B91: F
B92: G
B93: H | C93: Low Control | M93: High Control
C94: 0.1%DMSO | D94: Ave | E94: SD | F94: CV | G94: Z'
C95: H | D95: =AVERAGE(M87:M88) -> #DIV/0! | E95: =STDEV(M87:M92) -> #DIV/0! | F95: =E95/D95 -> #DIV/0! | G95: =1-(3*(E95+E96)/(D95-D96)) -> #DIV/0!
C96: L | D96: =AVERAGE(C87:C88) -> #DIV/0! | E96: =STDEV(C87:C92) -> #DIV/0! | F96: =E96/D96 -> #DIV/0!
C98: Plate 3_Inhibition %
C99: 1 | D99: 2 | E99: 3 | F99: 4 | G99: 5 | H99: 6 | I99: 7 | J99: 8 | K99: 9 | L99: 10 | M99: 11 | N99: 12
B100: A | D100: Conc. nM
A101: =Summary!#REF! -> #REF! | B101: B | D101: =($D$95-D87)/($D$95-$D$96)*100 -> #DIV/0! | E101: =($D$95-E87)/($D$95-$D$96)*100 -> #DIV/0! | F101: =($D$95-F87)/($D$95-$D$96)*100 -> #DIV/0! | G101: =($D$95-G87)/($D$95-$D$96)*100 -> #DIV/0! | H101: =($D$95-H87)/($D$95-$D$96)*100 -> #DIV/0! | I101: =($D$95-I87)/($D$95-$D$96)*100 -> #DIV/0! | J101: =($D$95-J87)/($D$95-$D$96)*100 -> #DIV/0! | K101: =($D$95-K87)/($D$95-$D$96)*100 -> #DIV/0! | ... M101: =($D$95-M87)/($D$95-$D$96)*100 -> #DIV/0!
B102: C | D102: =($D$95-D88)/($D$95-$D$96)*100 -> #DIV/0! | E102: =($D$95-E88)/($D$95-$D$96)*100 -> #DIV/0! | F102: =($D$95-F88)/($D$95-$D$96)*100 -> #DIV/0! | G102: =($D$95-G88)/($D$95-$D$96)*100 -> #DIV/0! | H102: =($D$95-H88)/($D$95-$D$96)*100 -> #DIV/0! | I102: =($D$95-I88)/($D$95-$D$96)*100 -> #DIV/0! | J102: =($D$95-J88)/($D$95-$D$96)*100 -> #DIV/0! | K102: =($D$95-K88)/($D$95-$D$96)*100 -> #DIV/0! | ... M102: =($D$95-M88)/($D$95-$D$96)*100 -> #DIV/0!
B103: D
B104: E
B105: F
B106: G
B107: H

Sheet IC50 Curve
A1: Title | B1: =Signature!B4 -> HCT116 Cell Proliferation Assay Report
A3: Luminescence
A4: =Summary!B6 -> HW350003A | B4: Inhibition % | G4: Bottom | H4: 1.907
A5: Cpd Conc.(nM) | B5: Data 1 | C5: Data 2 | D5: Mean | E5: SD | G5: Top | H5: 89.87
A6: =OFFSET(INDEX(Summary!B:B,MATCH(A4,Summary!B:B,0),0),0,1) -> 10000 | B6: =OFFSET(INDEX('Raw Data IC50'!$A:$A,MATCH(A4,'Raw Data IC50'!$A:$A,0),0),0,3) -> 90.743517 | C6: =OFFSET(INDEX('Raw Data IC50'!$A:$A,MATCH(A4,'Raw Data IC50'!$A:$A,0),0),1,3) -> 90.072333 | D6: =AVERAGE(B6:C6) -> 90.407925 | E6: =STDEV(B6:C6) -> 0.47459872 | G6: R_IC50 | H6: 34.56
A7: =A6/OFFSET(INDEX(Summary!B:B,MATCH(A4,Summary!B:B,0),0),0,2) -> 3333.3333 | B7: =OFFSET(INDEX('Raw Data IC50'!$A:$A,MATCH(A4,'Raw Data IC50'!$A:$A,0),0),0,4) -> 89.837104 | C7: =OFFSET(INDEX('Raw Data IC50'!$A:$A,MATCH(A4,'Raw Data IC50'!$A:$A,0),0),1,4) -> 90.605657 | D7: =AVERAGE(B7:C7) -> 90.22138 | E7: =STDEV(B7:C7) -> 0.54344895 | G7: A_IC50 | H7: 38.459
A8: =A7/OFFSET(INDEX(Summary!B:B,MATCH(A4,Summary!B:B,0),0),0,2) -> 1111.1111 | B8: =OFFSET(INDEX('Raw Data IC50'!$A:$A,MATCH(A4,'Raw Data IC50'!$A:$A,0),0),0,5) -> 90.253049 | C8: =OFFSET(INDEX('Raw Data IC50'!$A:$A,MATCH(A4,'Raw Data IC50'!$A:$A,0),0),1,5) -> 89.164502 | D8: =AVERAGE(B8:C8) -> 89.708775 | E8: =STDEV(B8:C8) -> 0.7697189
A9: =A8/OFFSET(INDEX(Summary!B:B,MATCH(A4,Summary!B:B,0),0),0,2) -> 370.37037 | B9: =OFFSET(INDEX('Raw Data IC50'!$A:$A,MATCH(A4,'Raw Data IC50'!$A:$A,0),0),0,6) -> 87.925648 | C9: =OFFSET(INDEX('Raw Data IC50'!$A:$A,MATCH(A4,'Raw Data IC50'!$A:$A,0),0),1,6) -> 88.223742 | D9: =AVERAGE(B9:C9) -> 88.074695 | E9: =STDEV(B9:C9) -> 0.21078422
A10: =A9/OFFSET(INDEX(Summary!B:B,MATCH(A4,Summary!B:B,0),0),0,2) -> 123.45679 | B10: =OFFSET(INDEX('Raw Data IC50'!$A:$A,MATCH(A4,'Raw Data IC50'!$A:$A,0),0),0,7) -> 80.257135 | C10: =OFFSET(INDEX('Raw Data IC50'!$A:$A,MATCH(A4,'Raw Data IC50'!$A:$A,0),0),1,7) -> 80.556647 | D10: =AVERAGE(B10:C10) -> 80.406891 | E10: =STDEV(B10:C10) -> 0.21178689
A11: =A10/OFFSET(INDEX(Summary!B:B,MATCH(A4,Summary!B:B,0),0),0,2) -> 41.152263 | B11: =OFFSET(INDEX('Raw Data IC50'!$A:$A,MATCH(A4,'Raw Data IC50'!$A:$A,0),0),0,8) -> 52.525106 | C11: =OFFSET(INDEX('Raw Data IC50'!$A:$A,MATCH(A4,'Raw Data IC50'!$A:$A,0),0),1,8) -> 53.752302 | D11: =AVERAGE(B11:C11) -> 53.138704 | E11: =STDEV(B11:C11) -> 0.86775808
A12: =A11/OFFSET(INDEX(Summary!B:B,MATCH(A4,Summary!B:B,0),0),0,2) -> 13.717421 | B12: =OFFSET(INDEX('Raw Data IC50'!$A:$A,MATCH(A4,'Raw Data IC50'!$A:$A,0),0),0,9) -> 18.423133 | C12: =OFFSET(INDEX('Raw Data IC50'!$A:$A,MATCH(A4,'Raw Data IC50'!$A:$A,0),0),1,9) -> 14.283062 | D12: =AVERAGE(B12:C12) -> 16.353097 | E12: =STDEV(B12:C12) -> 2.9274719
A13: =A12/OFFSET(INDEX(Summary!B:B,MATCH(A4,Summary!B:B,0),0),0,2) -> 4.5724737 | B13: =OFFSET(INDEX('Raw Data IC50'!$A:$A,MATCH(A4,'Raw Data IC50'!$A:$A,0),0),0,10) -> 5.4316269 | C13: =OFFSET(INDEX('Raw Data IC50'!$A:$A,MATCH(A4,'Raw Data IC50'!$A:$A,0),0),1,10) -> -0.15983946 | D13: =AVERAGE(B13:C13) -> 2.6358937 | E13: =STDEV(B13:C13) -> 3.9537638
A14: =A13/OFFSET(INDEX(Summary!B:B,MATCH(A4,Summary!B:B,0),0),0,2) -> 1.5241579 | B14: =OFFSET(INDEX('Raw Data IC50'!$A:$A,MATCH(A4,'Raw Data IC50'!$A:$A,0),0),0,11) -> 3.8990903 | C14: =OFFSET(INDEX('Raw Data IC50'!$A:$A,MATCH(A4,'Raw Data IC50'!$A:$A,0),0),1,11) -> 3.9573856 | D14: =AVERAGE(B14:C14) -> 3.9282379 | E14: =STDEV(B14:C14) -> 0.041221015
A15: =A14/OFFSET(INDEX(Summary!B:B,MATCH(A4,Summary!B:B,0),0),0,2)/10 -> 0.050805263 | B15: =OFFSET(INDEX('Raw Data IC50'!$A:$A,MATCH(A4,'Raw Data IC50'!$A:$A,0),0),0,12) -> 2.845363 | C15: =OFFSET(INDEX('Raw Data IC50'!$A:$A,MATCH(A4,'Raw Data IC50'!$A:$A,0),0),1,12) -> 0.81337725 | D15: =AVERAGE(B15:C15) -> 1.8293701 | E15: =STDEV(B15:C15) -> 1.4368309 | F15: DMSO
A17: Luminescence
A18: =Summary!B7 -> HW356011 | B18: Inhibition % | G18: Bottom | H18: -2.544
A19: Cpd Conc.(nM) | B19: Data 1 | C19: Data 2 | D19: Mean | E19: SD | G19: Top | H19: 98.66
A20: =OFFSET(INDEX(Summary!B:B,MATCH(A18,Summary!B:B,0),0),0,1) -> 10000 | B20: =OFFSET(INDEX('Raw Data IC50'!$A:$A,MATCH(A18,'Raw Data IC50'!$A:$A,0),0),0,3) -> 98.907068 | C20: =OFFSET(INDEX('Raw Data IC50'!$A:$A,MATCH(A18,'Raw Data IC50'!$A:$A,0),0),1,3) -> 98.775509 | D20: =AVERAGE(B20:C20) -> 98.841289 | E20: =STDEV(B20:C20) -> 0.093025805 | G20: R_IC50 | H20: 128.8
A21: =A20/OFFSET(INDEX(Summary!B:B,MATCH(A18,Summary!B:B,0),0),0,2) -> 3333.3333 | B21: =OFFSET(INDEX('Raw Data IC50'!$A:$A,MATCH(A18,'Raw Data IC50'!$A:$A,0),0),0,4) -> 99.014363 | C21: =OFFSET(INDEX('Raw Data IC50'!$A:$A,MATCH(A18,'Raw Data IC50'!$A:$A,0),0),1,4) -> 98.86185 | D21: =AVERAGE(B21:C21) -> 98.938106 | E21: =STDEV(B21:C21) -> 0.10784309 | G21: A_IC50 | H21: 136.1444
A22: =A21/OFFSET(INDEX(Summary!B:B,MATCH(A18,Summary!B:B,0),0),0,2) -> 1111.1111 | B22: =OFFSET(INDEX('Raw Data IC50'!$A:$A,MATCH(A18,'Raw Data IC50'!$A:$A,0),0),0,5) -> 91.623462 | C22: =OFFSET(INDEX('Raw Data IC50'!$A:$A,MATCH(A18,'Raw Data IC50'!$A:$A,0),0),1,5) -> 90.715473 | D22: =AVERAGE(B22:C22) -> 91.169467 | E22: =STDEV(B22:C22) -> 0.64204516
A23: =A22/OFFSET(INDEX(Summary!B:B,MATCH(A18,Summary!B:B,0),0),0,2) -> 370.37037 | B23: =OFFSET(INDEX('Raw Data IC50'!$A:$A,MATCH(A18,'Raw Data IC50'!$A:$A,0),0),0,6) -> 79.63369 | C23: =OFFSET(INDEX('Raw Data IC50'!$A:$A,MATCH(A18,'Raw Data IC50'!$A:$A,0),0),1,6) -> 78.917918 | D23: =AVERAGE(B23:C23) -> 79.275804 | E23: =STDEV(B23:C23) -> 0.50612722
A24: =A23/OFFSET(INDEX(Summary!B:B,MATCH(A18,Summary!B:B,0),0),0,2) -> 123.45679 | B24: =OFFSET(INDEX('Raw Data IC50'!$A:$A,MATCH(A18,'Raw Data IC50'!$A:$A,0),0),0,7) -> 50.755292 | C24: =OFFSET(INDEX('Raw Data IC50'!$A:$A,MATCH(A18,'Raw Data IC50'!$A:$A,0),0),1,7) -> 44.583078 | D24: =AVERAGE(B24:C24) -> 47.669185 | E24: =STDEV(B24:C24) -> 4.3644143
A25: =A24/OFFSET(INDEX(Summary!B:B,MATCH(A18,Summary!B:B,0),0),0,2) -> 41.152263 | B25: =OFFSET(INDEX('Raw Data IC50'!$A:$A,MATCH(A18,'Raw Data IC50'!$A:$A,0),0),0,8) -> 14.096517 | C25: =OFFSET(INDEX('Raw Data IC50'!$A:$A,MATCH(A18,'Raw Data IC50'!$A:$A,0),0),1,8) -> 13.788182 | D25: =AVERAGE(B25:C25) -> 13.94235 | E25: =STDEV(B25:C25) -> 0.21802575
A26: =A25/OFFSET(INDEX(Summary!B:B,MATCH(A18,Summary!B:B,0),0),0,2) -> 13.717421 | B26: =OFFSET(INDEX('Raw Data IC50'!$A:$A,MATCH(A18,'Raw Data IC50'!$A:$A,0),0),0,9) -> 2.6077702 | C26: =OFFSET(INDEX('Raw Data IC50'!$A:$A,MATCH(A18,'Raw Data IC50'!$A:$A,0),0),1,9) -> 0.15920924 | D26: =AVERAGE(B26:C26) -> 1.3834897 | E26: =STDEV(B26:C26) -> 1.731394
A27: =A26/OFFSET(INDEX(Summary!B:B,MATCH(A18,Summary!B:B,0),0),0,2) -> 4.5724737 | B27: =OFFSET(INDEX('Raw Data IC50'!$A:$A,MATCH(A18,'Raw Data IC50'!$A:$A,0),0),0,10) -> 1.8207834 | C27: =OFFSET(INDEX('Raw Data IC50'!$A:$A,MATCH(A18,'Raw Data IC50'!$A:$A,0),0),1,10) -> 0.32306635 | D27: =AVERAGE(B27:C27) -> 1.0719249 | E27: =STDEV(B27:C27) -> 1.0590459
A28: =A27/OFFSET(INDEX(Summary!B:B,MATCH(A18,Summary!B:B,0),0),0,2) -> 1.5241579 | B28: =OFFSET(INDEX('Raw Data IC50'!$A:$A,MATCH(A18,'Raw Data IC50'!$A:$A,0),0),0,11) -> -2.4650254 | C28: =OFFSET(INDEX('Raw Data IC50'!$A:$A,MATCH(A18,'Raw Data IC50'!$A:$A,0),0),1,11) -> -4.8458378 | D28: =AVERAGE(B28:C28) -> -3.6554316 | E28: =STDEV(B28:C28) -> 1.6834885
A29: =A28/OFFSET(INDEX(Summary!B:B,MATCH(A18,Summary!B:B,0),0),0,2)/10 -> 0.050805263 | B29: =OFFSET(INDEX('Raw Data IC50'!$A:$A,MATCH(A18,'Raw Data IC50'!$A:$A,0),0),0,12) -> 0.86347972 | C29: =OFFSET(INDEX('Raw Data IC50'!$A:$A,MATCH(A18,'Raw Data IC50'!$A:$A,0),0),1,12) -> -3.0271814 | D29: =AVERAGE(B29:C29) -> -1.0818508 | E29: =STDEV(B29:C29) -> 2.7511128 | F29: DMSO
A31: Luminescence
A32: =Summary!B8 -> HW356012 | B32: Inhibition % | G32: Bottom | H32: -1.555
A33: Cpd Conc.(nM) | B33: Data 1 | C33: Data 2 | D33: Mean | E33: SD | G33: Top | H33: 99.44
A34: =OFFSET(INDEX(Summary!B:B,MATCH(A32,Summary!B:B,0),0),0,1) -> 10000 | B34: =OFFSET(INDEX('Raw Data IC50'!$A:$A,MATCH(A32,'Raw Data IC50'!$A:$A,0),0),0,3) -> 99.172075 | C34: =OFFSET(INDEX('Raw Data IC50'!$A:$A,MATCH(A32,'Raw Data IC50'!$A:$A,0),0),1,3) -> 99.271177 | D34: =AVERAGE(B34:C34) -> 99.221626 | E34: =STDEV(B34:C34) -> 0.070075726 | G34: R_IC50 | H34: 1680
A35: =A34/OFFSET(INDEX(Summary!B:B,MATCH(A32,Summary!B:B,0),0),0,2) -> 3333.3333 | B35: =OFFSET(INDEX('Raw Data IC50'!$A:$A,MATCH(A32,'Raw Data IC50'!$A:$A,0),0),0,4) -> 91.825762 | C35: =OFFSET(INDEX('Raw Data IC50'!$A:$A,MATCH(A32,'Raw Data IC50'!$A:$A,0),0),1,4) -> 92.928489 | D35: =AVERAGE(B35:C35) -> 92.377126 | E35: =STDEV(B35:C35) -> 0.77974564 | G35: A_IC50 | H35: 1698.243
A36: =A35/OFFSET(INDEX(Summary!B:B,MATCH(A32,Summary!B:B,0),0),0,2) -> 1111.1111 | B36: =OFFSET(INDEX('Raw Data IC50'!$A:$A,MATCH(A32,'Raw Data IC50'!$A:$A,0),0),0,5) -> 18.802682 | C36: =OFFSET(INDEX('Raw Data IC50'!$A:$A,MATCH(A32,'Raw Data IC50'!$A:$A,0),0),1,5) -> 13.211216 | D36: =AVERAGE(B36:C36) -> 16.006949 | E36: =STDEV(B36:C36) -> 3.9537638
A37: =A36/OFFSET(INDEX(Summary!B:B,MATCH(A32,Summary!B:B,0),0),0,2) -> 370.37037 | B37: =OFFSET(INDEX('Raw Data IC50'!$A:$A,MATCH(A32,'Raw Data IC50'!$A:$A,0),0),0,6) -> 4.3076302 | C37: =OFFSET(INDEX('Raw Data IC50'!$A:$A,MATCH(A32,'Raw Data IC50'!$A:$A,0),0),1,6) -> -2.4514757 | D37: =AVERAGE(B37:C37) -> 0.92807723 | E37: =STDEV(B37:C37) -> 4.7794096
A38: =A37/OFFSET(INDEX(Summary!B:B,MATCH(A32,Summary!B:B,0),0),0,2) -> 123.45679 | B38: =OFFSET(INDEX('Raw Data IC50'!$A:$A,MATCH(A32,'Raw Data IC50'!$A:$A,0),0),0,7) -> -1.7472052 | C38: =OFFSET(INDEX('Raw Data IC50'!$A:$A,MATCH(A32,'Raw Data IC50'!$A:$A,0),0),1,7) -> -0.78296915 | D38: =AVERAGE(B38:C38) -> -1.2650872 | E38: =STDEV(B38:C38) -> 0.68181787
A39: =A38/OFFSET(INDEX(Summary!B:B,MATCH(A32,Summary!B:B,0),0),0,2) -> 41.152263 | B39: =OFFSET(INDEX('Raw Data IC50'!$A:$A,MATCH(A32,'Raw Data IC50'!$A:$A,0),0),0,8) -> -2.1384141 | C39: =OFFSET(INDEX('Raw Data IC50'!$A:$A,MATCH(A32,'Raw Data IC50'!$A:$A,0),0),1,8) -> -0.88931872 | D39: =AVERAGE(B39:C39) -> -1.5138664 | E39: =STDEV(B39:C39) -> 0.88324381
A40: =A39/OFFSET(INDEX(Summary!B:B,MATCH(A32,Summary!B:B,0),0),0,2) -> 13.717421 | B40: =OFFSET(INDEX('Raw Data IC50'!$A:$A,MATCH(A32,'Raw Data IC50'!$A:$A,0),0),0,9) -> -5.3375667 | C40: =OFFSET(INDEX('Raw Data IC50'!$A:$A,MATCH(A32,'Raw Data IC50'!$A:$A,0),0),1,9) -> 1.0170958 | D40: =AVERAGE(B40:C40) -> -2.1602355 | E40: =STDEV(B40:C40) -> 4.4934249
A41: =A40/OFFSET(INDEX(Summary!B:B,MATCH(A32,Summary!B:B,0),0),0,2) -> 4.5724737 | B41: =OFFSET(INDEX('Raw Data IC50'!$A:$A,MATCH(A32,'Raw Data IC50'!$A:$A,0),0),0,10) -> -3.5882344 | C41: =OFFSET(INDEX('Raw Data IC50'!$A:$A,MATCH(A32,'Raw Data IC50'!$A:$A,0),0),1,10) -> -1.7620154 | D41: =AVERAGE(B41:C41) -> -2.6751249 | E41: =STDEV(B41:C41) -> 1.2913319
A42: =A41/OFFSET(INDEX(Summary!B:B,MATCH(A32,Summary!B:B,0),0),0,2) -> 1.5241579 | B42: =OFFSET(INDEX('Raw Data IC50'!$A:$A,MATCH(A32,'Raw Data IC50'!$A:$A,0),0),0,11) -> -2.5133948 | C42: =OFFSET(INDEX('Raw Data IC50'!$A:$A,MATCH(A32,'Raw Data IC50'!$A:$A,0),0),1,11) -> -1.9061781 | D42: =AVERAGE(B42:C42) -> -2.2097865 | E42: =STDEV(B42:C42) -> 0.42936701
A43: =A42/OFFSET(INDEX(Summary!B:B,MATCH(A32,Summary!B:B,0),0),0,2)/10 -> 0.050805263 | B43: =OFFSET(INDEX('Raw Data IC50'!$A:$A,MATCH(A32,'Raw Data IC50'!$A:$A,0),0),0,12) -> -2.0895721 | C43: =OFFSET(INDEX('Raw Data IC50'!$A:$A,MATCH(A32,'Raw Data IC50'!$A:$A,0),0),1,12) -> 0.59453347 | D43: =AVERAGE(B43:C43) -> -0.7475193 | E43: =STDEV(B43:C43) -> 1.8979492 | F43: DMSO
A45: Luminescence
A46: =Summary!B9 -> HW356020 | B46: Inhibition % | G46: Bottom | H46: 2.343
A47: Cpd Conc.(nM) | B47: Data 1 | C47: Data 2 | D47: Mean | E47: SD | G47: Top | H47: 8
A48: =OFFSET(INDEX(Summary!B:B,MATCH(A46,Summary!B:B,0),0),0,1) -> 10000 | B48: =OFFSET(INDEX('Raw Data IC50'!$A:$A,MATCH(A46,'Raw Data IC50'!$A:$A,0),0),0,3) -> 12.486902 | C48: =OFFSET(INDEX('Raw Data IC50'!$A:$A,MATCH(A46,'Raw Data IC50'!$A:$A,0),0),1,3) -> 4.8749151 | D48: =AVERAGE(B48:C48) -> 8.6809086 | E48: =STDEV(B48:C48) -> 5.3824876 | G48: R_IC50 | H48: ＞10000
A49: =A48/OFFSET(INDEX(Summary!B:B,MATCH(A46,Summary!B:B,0),0),0,2) -> 3333.3333 | B49: =OFFSET(INDEX('Raw Data IC50'!$A:$A,MATCH(A46,'Raw Data IC50'!$A:$A,0),0),0,4) -> 4.9351876 | C49: =OFFSET(INDEX('Raw Data IC50'!$A:$A,MATCH(A46,'Raw Data IC50'!$A:$A,0),0),1,4) -> 0.1140516 | D49: =AVERAGE(B49:C49) -> 2.5246196 | E49: =STDEV(B49:C49) -> 3.409058 | G49: A_IC50 | H49: ＞10000
A50: =A49/OFFSET(INDEX(Summary!B:B,MATCH(A46,Summary!B:B,0),0),0,2) -> 1111.1111 | B50: =OFFSET(INDEX('Raw Data IC50'!$A:$A,MATCH(A46,'Raw Data IC50'!$A:$A,0),0),0,5) -> 6.0693767 | C50: =OFFSET(INDEX('Raw Data IC50'!$A:$A,MATCH(A46,'Raw Data IC50'!$A:$A,0),0),1,5) -> 1.2454102 | D50: =AVERAGE(B50:C50) -> 3.6573934 | E50: =STDEV(B50:C50) -> 3.4110594
A51: =A50/OFFSET(INDEX(Summary!B:B,MATCH(A46,Summary!B:B,0),0),0,2) -> 370.37037 | B51: =OFFSET(INDEX('Raw Data IC50'!$A:$A,MATCH(A46,'Raw Data IC50'!$A:$A,0),0),0,6) -> 4.4535069 | C51: =OFFSET(INDEX('Raw Data IC50'!$A:$A,MATCH(A46,'Raw Data IC50'!$A:$A,0),0),1,6) -> -1.3514699 | D51: =AVERAGE(B51:C51) -> 1.5510185 | E51: =STDEV(B51:C51) -> 4.1047384
A52: =A51/OFFSET(INDEX(Summary!B:B,MATCH(A46,Summary!B:B,0),0),0,2) -> 123.45679 | B52: =OFFSET(INDEX('Raw Data IC50'!$A:$A,MATCH(A46,'Raw Data IC50'!$A:$A,0),0),0,7) -> 2.9999734 | C52: =OFFSET(INDEX('Raw Data IC50'!$A:$A,MATCH(A46,'Raw Data IC50'!$A:$A,0),0),1,7) -> 2.5997105 | D52: =AVERAGE(B52:C52) -> 2.7998419 | E52: =STDEV(B52:C52) -> 0.28302857
A53: =A52/OFFSET(INDEX(Summary!B:B,MATCH(A46,Summary!B:B,0),0),0,2) -> 41.152263 | B53: =OFFSET(INDEX('Raw Data IC50'!$A:$A,MATCH(A46,'Raw Data IC50'!$A:$A,0),0),0,8) -> 4.759032 | C53: =OFFSET(INDEX('Raw Data IC50'!$A:$A,MATCH(A46,'Raw Data IC50'!$A:$A,0),0),1,8) -> -0.17099415 | D53: =AVERAGE(B53:C53) -> 2.2940189 | E53: =STDEV(B53:C53) -> 3.4860549
A54: =A53/OFFSET(INDEX(Summary!B:B,MATCH(A46,Summary!B:B,0),0),0,2) -> 13.717421 | B54: =OFFSET(INDEX('Raw Data IC50'!$A:$A,MATCH(A46,'Raw Data IC50'!$A:$A,0),0),0,9) -> 6.2425353 | C54: =OFFSET(INDEX('Raw Data IC50'!$A:$A,MATCH(A46,'Raw Data IC50'!$A:$A,0),0),1,9) -> 0.042623664 | D54: =AVERAGE(B54:C54) -> 3.1425795 | E54: =STDEV(B54:C54) -> 4.3839996
A55: =A54/OFFSET(INDEX(Summary!B:B,MATCH(A46,Summary!B:B,0),0),0,2) -> 4.5724737 | B55: =OFFSET(INDEX('Raw Data IC50'!$A:$A,MATCH(A46,'Raw Data IC50'!$A:$A,0),0),0,10) -> 2.6421677 | C55: =OFFSET(INDEX('Raw Data IC50'!$A:$A,MATCH(A46,'Raw Data IC50'!$A:$A,0),0),1,10) -> -0.47635275 | D55: =AVERAGE(B55:C55) -> 1.0829075 | E55: =STDEV(B55:C55) -> 2.2051269
A56: =A55/OFFSET(INDEX(Summary!B:B,MATCH(A46,Summary!B:B,0),0),0,2) -> 1.5241579 | B56: =OFFSET(INDEX('Raw Data IC50'!$A:$A,MATCH(A46,'Raw Data IC50'!$A:$A,0),0),0,11) -> 1.1523374 | C56: =OFFSET(INDEX('Raw Data IC50'!$A:$A,MATCH(A46,'Raw Data IC50'!$A:$A,0),0),1,11) -> 2.8639439 | D56: =AVERAGE(B56:C56) -> 2.0081407 | E56: =STDEV(B56:C56) -> 1.2102886
A57: =A56/OFFSET(INDEX(Summary!B:B,MATCH(A46,Summary!B:B,0),0),0,2)/10 -> 0.050805263 | B57: =OFFSET(INDEX('Raw Data IC50'!$A:$A,MATCH(A46,'Raw Data IC50'!$A:$A,0),0),0,12) -> 2.8149933 | C57: =OFFSET(INDEX('Raw Data IC50'!$A:$A,MATCH(A46,'Raw Data IC50'!$A:$A,0),0),1,12) -> 1.0815755 | D57: =AVERAGE(B57:C57) -> 1.9482844 | E57: =STDEV(B57:C57) -> 1.2257115 | F57: DMSO
A59: Luminescence
A60: =Summary!B10 -> HW356046 | B60: Inhibition % | G60: Bottom | H60: -0.0603
A61: Cpd Conc.(nM) | B61: Data 1 | C61: Data 2 | D61: Mean | E61: SD | G61: Top | H61: 92.45
A62: =OFFSET(INDEX(Summary!B:B,MATCH(A60,Summary!B:B,0),0),0,1) -> 10000 | B62: =OFFSET(INDEX('Raw Data IC50'!$A:$A,MATCH(A60,'Raw Data IC50'!$A:$A,0),0),0,3) -> 95.29619 | C62: =OFFSET(INDEX('Raw Data IC50'!$A:$A,MATCH(A60,'Raw Data IC50'!$A:$A,0),0),1,3) -> 95.763718 | D62: =AVERAGE(B62:C62) -> 95.529954 | E62: =STDEV(B62:C62) -> 0.33059244 | G62: R_IC50 | H62: 534.2
A63: =A62/OFFSET(INDEX(Summary!B:B,MATCH(A60,Summary!B:B,0),0),0,2) -> 3333.3333 | B63: =OFFSET(INDEX('Raw Data IC50'!$A:$A,MATCH(A60,'Raw Data IC50'!$A:$A,0),0),0,4) -> 88.744134 | C63: =OFFSET(INDEX('Raw Data IC50'!$A:$A,MATCH(A60,'Raw Data IC50'!$A:$A,0),0),1,4) -> 88.758786 | D63: =AVERAGE(B63:C63) -> 88.75146 | E63: =STDEV(B63:C63) -> 0.010360447 | G63: A_IC50 | H63: 562.341
A64: =A63/OFFSET(INDEX(Summary!B:B,MATCH(A60,Summary!B:B,0),0),0,2) -> 1111.1111 | B64: =OFFSET(INDEX('Raw Data IC50'!$A:$A,MATCH(A60,'Raw Data IC50'!$A:$A,0),0),0,5) -> 84.187731 | C64: =OFFSET(INDEX('Raw Data IC50'!$A:$A,MATCH(A60,'Raw Data IC50'!$A:$A,0),0),1,5) -> 85.188721 | D64: =AVERAGE(B64:C64) -> 84.688226 | E64: =STDEV(B64:C64) -> 0.7078069
A65: =A64/OFFSET(INDEX(Summary!B:B,MATCH(A60,Summary!B:B,0),0),0,2) -> 370.37037 | B65: =OFFSET(INDEX('Raw Data IC50'!$A:$A,MATCH(A60,'Raw Data IC50'!$A:$A,0),0),0,6) -> 24.514934 | C65: =OFFSET(INDEX('Raw Data IC50'!$A:$A,MATCH(A60,'Raw Data IC50'!$A:$A,0),0),1,6) -> 18.835997 | D65: =AVERAGE(B65:C65) -> 21.675465 | E65: =STDEV(B65:C65) -> 4.015615
A66: =A65/OFFSET(INDEX(Summary!B:B,MATCH(A60,Summary!B:B,0),0),0,2) -> 123.45679 | B66: =OFFSET(INDEX('Raw Data IC50'!$A:$A,MATCH(A60,'Raw Data IC50'!$A:$A,0),0),0,7) -> 1.5474388 | C66: =OFFSET(INDEX('Raw Data IC50'!$A:$A,MATCH(A60,'Raw Data IC50'!$A:$A,0),0),1,7) -> 3.166805 | D66: =AVERAGE(B66:C66) -> 2.3571219 | E66: =STDEV(B66:C66) -> 1.1450648
A67: =A66/OFFSET(INDEX(Summary!B:B,MATCH(A60,Summary!B:B,0),0),0,2) -> 41.152263 | B67: =OFFSET(INDEX('Raw Data IC50'!$A:$A,MATCH(A60,'Raw Data IC50'!$A:$A,0),0),0,8) -> -3.1032025 | C67: =OFFSET(INDEX('Raw Data IC50'!$A:$A,MATCH(A60,'Raw Data IC50'!$A:$A,0),0),1,8) -> -2.4035751 | D67: =AVERAGE(B67:C67) -> -2.7533888 | E67: =STDEV(B67:C67) -> 0.49471134
A68: =A67/OFFSET(INDEX(Summary!B:B,MATCH(A60,Summary!B:B,0),0),0,2) -> 13.717421 | B68: =OFFSET(INDEX('Raw Data IC50'!$A:$A,MATCH(A60,'Raw Data IC50'!$A:$A,0),0),0,9) -> -1.8654513 | C68: =OFFSET(INDEX('Raw Data IC50'!$A:$A,MATCH(A60,'Raw Data IC50'!$A:$A,0),0),1,9) -> 0.89875992 | D68: =AVERAGE(B68:C68) -> -0.48334569 | E68: =STDEV(B68:C68) -> 1.9545925
A69: =A68/OFFSET(INDEX(Summary!B:B,MATCH(A60,Summary!B:B,0),0),0,2) -> 4.5724737 | B69: =OFFSET(INDEX('Raw Data IC50'!$A:$A,MATCH(A60,'Raw Data IC50'!$A:$A,0),0),0,10) -> 3.618849 | C69: =OFFSET(INDEX('Raw Data IC50'!$A:$A,MATCH(A60,'Raw Data IC50'!$A:$A,0),0),1,10) -> -2.2587212 | D69: =AVERAGE(B69:C69) -> 0.68006389 | E69: =STDEV(B69:C69) -> 4.1560697
A70: =A69/OFFSET(INDEX(Summary!B:B,MATCH(A60,Summary!B:B,0),0),0,2) -> 1.5241579 | B70: =OFFSET(INDEX('Raw Data IC50'!$A:$A,MATCH(A60,'Raw Data IC50'!$A:$A,0),0),0,11) -> 1.6147043 | C70: =OFFSET(INDEX('Raw Data IC50'!$A:$A,MATCH(A60,'Raw Data IC50'!$A:$A,0),0),1,11) -> 0.2156158 | D70: =AVERAGE(B70:C70) -> 0.91516004 | E70: =STDEV(B70:C70) -> 0.98930495
A71: =A70/OFFSET(INDEX(Summary!B:B,MATCH(A60,Summary!B:B,0),0),0,2)/10 -> 0.050805263 | B71: =OFFSET(INDEX('Raw Data IC50'!$A:$A,MATCH(A60,'Raw Data IC50'!$A:$A,0),0),0,12) -> -1.2450772 | C71: =OFFSET(INDEX('Raw Data IC50'!$A:$A,MATCH(A60,'Raw Data IC50'!$A:$A,0),0),1,12) -> 0.15700826 | D71: =AVERAGE(B71:C71) -> -0.54403446 | E71: =STDEV(B71:C71) -> 0.99142413 | F71: DMSO
A73: Luminescence
A74: =Summary!B11 -> HW356048 | B74: Inhibition % | G74: Bottom | H74: 0.2928
A75: Cpd Conc.(nM) | B75: Data 1 | C75: Data 2 | D75: Mean | E75: SD | G75: Top | H75: 90.79
A76: =OFFSET(INDEX(Summary!B:B,MATCH(A74,Summary!B:B,0),0),0,1) -> 10000 | B76: =OFFSET(INDEX('Raw Data IC50'!$A:$A,MATCH(A74,'Raw Data IC50'!$A:$A,0),0),0,3) -> 92.708634 | C76: =OFFSET(INDEX('Raw Data IC50'!$A:$A,MATCH(A74,'Raw Data IC50'!$A:$A,0),0),1,3) -> 92.362317 | D76: =AVERAGE(B76:C76) -> 92.535475 | E76: =STDEV(B76:C76) -> 0.24488329 | G76: R_IC50 | H76: 91.48
A77: =A76/OFFSET(INDEX(Summary!B:B,MATCH(A74,Summary!B:B,0),0),0,2) -> 3333.3333 | B77: =OFFSET(INDEX('Raw Data IC50'!$A:$A,MATCH(A74,'Raw Data IC50'!$A:$A,0),0),0,4) -> 90.457239 | C77: =OFFSET(INDEX('Raw Data IC50'!$A:$A,MATCH(A74,'Raw Data IC50'!$A:$A,0),0),1,4) -> 89.737298 | D77: =AVERAGE(B77:C77) -> 90.097269 | E77: =STDEV(B77:C77) -> 0.50907469 | G77: A_IC50 | H77: 101.859
A78: =A77/OFFSET(INDEX(Summary!B:B,MATCH(A74,Summary!B:B,0),0),0,2) -> 1111.1111 | B78: =OFFSET(INDEX('Raw Data IC50'!$A:$A,MATCH(A74,'Raw Data IC50'!$A:$A,0),0),0,5) -> 88.977065 | C78: =OFFSET(INDEX('Raw Data IC50'!$A:$A,MATCH(A74,'Raw Data IC50'!$A:$A,0),0),1,5) -> 89.316223 | D78: =AVERAGE(B78:C78) -> 89.146644 | E78: =STDEV(B78:C78) -> 0.2398208
A79: =A78/OFFSET(INDEX(Summary!B:B,MATCH(A74,Summary!B:B,0),0),0,2) -> 370.37037 | B79: =OFFSET(INDEX('Raw Data IC50'!$A:$A,MATCH(A74,'Raw Data IC50'!$A:$A,0),0),0,6) -> 82.264504 | C79: =OFFSET(INDEX('Raw Data IC50'!$A:$A,MATCH(A74,'Raw Data IC50'!$A:$A,0),0),1,6) -> 85.142934 | D79: =AVERAGE(B79:C79) -> 83.703719 | E79: =STDEV(B79:C79) -> 2.0353569
A80: =A79/OFFSET(INDEX(Summary!B:B,MATCH(A74,Summary!B:B,0),0),0,2) -> 123.45679 | B80: =OFFSET(INDEX('Raw Data IC50'!$A:$A,MATCH(A74,'Raw Data IC50'!$A:$A,0),0),0,7) -> 56.311022 | C80: =OFFSET(INDEX('Raw Data IC50'!$A:$A,MATCH(A74,'Raw Data IC50'!$A:$A,0),0),1,7) -> 60.535759 | D80: =AVERAGE(B80:C80) -> 58.423391 | E80: =STDEV(B80:C80) -> 2.9873407
A81: =A80/OFFSET(INDEX(Summary!B:B,MATCH(A74,Summary!B:B,0),0),0,2) -> 41.152263 | B81: =OFFSET(INDEX('Raw Data IC50'!$A:$A,MATCH(A74,'Raw Data IC50'!$A:$A,0),0),0,8) -> 16.624727 | C81: =OFFSET(INDEX('Raw Data IC50'!$A:$A,MATCH(A74,'Raw Data IC50'!$A:$A,0),0),1,8) -> 16.032991 | D81: =AVERAGE(B81:C81) -> 16.328859 | E81: =STDEV(B81:C81) -> 0.41842078
A82: =A81/OFFSET(INDEX(Summary!B:B,MATCH(A74,Summary!B:B,0),0),0,2) -> 13.717421 | B82: =OFFSET(INDEX('Raw Data IC50'!$A:$A,MATCH(A74,'Raw Data IC50'!$A:$A,0),0),0,9) -> 0.98816971 | C82: =OFFSET(INDEX('Raw Data IC50'!$A:$A,MATCH(A74,'Raw Data IC50'!$A:$A,0),0),1,9) -> 6.8479245 | D82: =AVERAGE(B82:C82) -> 3.9180471 | E82: =STDEV(B82:C82) -> 4.1434724
A83: =A82/OFFSET(INDEX(Summary!B:B,MATCH(A74,Summary!B:B,0),0),0,2) -> 4.5724737 | B83: =OFFSET(INDEX('Raw Data IC50'!$A:$A,MATCH(A74,'Raw Data IC50'!$A:$A,0),0),0,10) -> -1.2638915 | C83: =OFFSET(INDEX('Raw Data IC50'!$A:$A,MATCH(A74,'Raw Data IC50'!$A:$A,0),0),1,10) -> 0.51481394 | D83: =AVERAGE(B83:C83) -> -0.3745388 | E83: =STDEV(B83:C83) -> 1.2577347
A84: =A83/OFFSET(INDEX(Summary!B:B,MATCH(A74,Summary!B:B,0),0),0,2) -> 1.5241579 | B84: =OFFSET(INDEX('Raw Data IC50'!$A:$A,MATCH(A74,'Raw Data IC50'!$A:$A,0),0),0,11) -> 0.58091392 | C84: =OFFSET(INDEX('Raw Data IC50'!$A:$A,MATCH(A74,'Raw Data IC50'!$A:$A,0),0),1,11) -> 1.0291284 | D84: =AVERAGE(B84:C84) -> 0.80502116 | E84: =STDEV(B84:C84) -> 0.31693549
A85: =A84/OFFSET(INDEX(Summary!B:B,MATCH(A74,Summary!B:B,0),0),0,2)/10 -> 0.050805263 | B85: =OFFSET(INDEX('Raw Data IC50'!$A:$A,MATCH(A74,'Raw Data IC50'!$A:$A,0),0),0,12) -> -2.5369405 | C85: =OFFSET(INDEX('Raw Data IC50'!$A:$A,MATCH(A74,'Raw Data IC50'!$A:$A,0),0),1,12) -> -0.27155936 | D85: =AVERAGE(B85:C85) -> -1.4042499 | E85: =STDEV(B85:C85) -> 1.6018664 | F85: DMSO
